PICKUP_MONTH,SHIPPER ID,SHIPPER CATEGORY,LOAD CATEGORY,ORDER_TYPE,DOMESTIC_VS_CROSS_BORDER,LOADS,SHIPPER_PRICE (REVENUE),CARRIER_PRICE (COST)
Jan-20,0010O00001vmYzfQAE,Food & Beverages,PLATFORM,CONTRACT,domestic,141,"€106,909","€107,080"
Jan-20,0010O00002M1P8nQAF,Industrial materials,PLATFORM,CONTRACT,cross-border,1,"€2,703","€2,300"
Jan-20,0013Y00002UjLn1QAF,Industrial materials,PLATFORM,SPOT,cross-border,1,"€1,091","€1,031"
Jan-20,0010O00002Bji22QAB,Other Manufacturing,PLATFORM,SPOT,cross-border,5,"€13,051","€10,362"
Jan-20,0013Y00002UkaqeQAB,Food & Beverages,PLATFORM,CONTRACT,cross-border,1,"€2,228","€2,015"
Jan-20,0010O00002OkvSLQAZ,Other,PLATFORM,CONTRACT,cross-border,1,"€1,546","€1,453"
Jan-20,0010O00002NbnhcQAB,Hospitality,PLATFORM,CONTRACT,cross-border,23,"€31,900","€31,309"
Jan-20,0013Y00002Ui3JRQAZ,Automotive & Automotive Supplier,PLATFORM,CONTRACT,cross-border,44,"€53,842","€47,850"
Jan-20,0013Y00002Ui346QAB,Hospitality,PLATFORM,CONTRACT,domestic,23,"€20,396","€19,497"
Jan-20,0010O00002Nn7a3QAB,Other Manufacturing,PLATFORM,CONTRACT,domestic,10,"€7,124","€7,111"
Jan-20,0013Y00002QB61KQAT,Food & Beverages,PLATFORM,CONTRACT,cross-border,2,"€2,134","€2,292"
Jan-20,0010O00002BDKEeQAP,Other Manufacturing,PLATFORM,CONTRACT,cross-border,29,"€27,388","€33,335"
Jan-20,0013Y00002QU6cvQAD,Food & Beverages,PLATFORM,CONTRACT,cross-border,8,"€12,744","€15,120"
Jan-20,0013Y00002TR04EQAT,Food & Beverages,PLATFORM,SPOT,domestic,3,"€1,248",€976
Jan-20,0013Y00002QBH2iQAH,Consumer Goods,PLATFORM,CONTRACT,cross-border,4,"€12,643","€12,746"
Jan-20,0010O00002BDKEoQAP,Food & Beverages,PLATFORM,CONTRACT,cross-border,15,"€9,416","€9,757"
Jan-20,0013Y00002TSXBzQAP,Industrial materials,PLATFORM,CONTRACT,cross-border,9,"€14,035","€15,628"
Jan-20,0010O00002Ol0u2QAB,Hospitality,PLATFORM,CONTRACT,cross-border,1,"€1,483","€1,434"
Jan-20,0010O00002BiiIUQAZ,Food & Beverages,PLATFORM,CONTRACT,cross-border,5,"€2,559","€2,586"
Jan-20,0010O00002KKdxsQAD,Other Manufacturing,PLATFORM,CONTRACT,domestic,2,"€1,980","€1,932"
Jan-20,0010O00002CqI42QAF,Food & Beverages,PLATFORM,CONTRACT,domestic,1,"€1,416","€1,352"
Jan-20,0010O00002BF1aSQAT,Consumer Goods,MANUAL,SPOT,cross-border,2,"€1,040","€1,000"
Jan-20,0010O00002BjhzcQAB,Food & Beverages,MANUAL,SPOT,domestic,1,€489,€435
Jan-20,0013Y00002QBI6aQAH,Food & Beverages,PLATFORM,CONTRACT,cross-border,3,"€4,017","€5,086"
Jan-20,0010O00002BiiIUQAZ,Food & Beverages,PLATFORM,SPOT,cross-border,1,€774,€630
Jan-20,0013Y00002Ui346QAB,Hospitality,PLATFORM,SPOT,domestic,66,"€61,609","€63,525"
Jan-20,0010O00001s4YxuQAE,Industrial materials,PLATFORM,CONTRACT,cross-border,12,"€10,222","€10,901"
Jan-20,0013Y00002Sjx0wQAB,Consumer Goods,PLATFORM,CONTRACT,cross-border,6,"€6,115","€6,882"
Jan-20,0010O00002IfhmrQAB,Hospitality,MANUAL,CONTRACT,domestic,1,"€1,011",€686
Jan-20,0013Y00002TSf0dQAD,Other,PLATFORM,CONTRACT,domestic,1,€698,€698
Jan-20,0010O00002PxdilQAB,Other,PLATFORM,CONTRACT,domestic,16,"€11,221","€10,699"
Jan-20,0010O00002Bjh0kQAB,Food & Beverages,PLATFORM,CONTRACT,cross-border,15,"€21,420","€22,287"
Jan-20,0010O00002Lyi5tQAB,Other,PLATFORM,CONTRACT,domestic,5,"€2,179","€2,139"
Jan-20,0010O00002BjhzcQAB,Food & Beverages,MANUAL,CONTRACT,domestic,199,"€221,959","€218,134"
Jan-20,0010O00002BF1aSQAT,Consumer Goods,PLATFORM,CONTRACT,cross-border,39,"€22,745","€24,625"
Jan-20,0010O00002CqEwnQAF,Other Manufacturing,PLATFORM,CONTRACT,cross-border,19,"€13,824","€13,001"
Jan-20,0010O00002Bii72QAB,Food & Beverages,PLATFORM,CONTRACT,domestic,10,"€5,278","€4,984"
Jan-20,0013Y00002QBEnwQAH,Other Manufacturing,PLATFORM,CONTRACT,cross-border,7,"€15,600","€18,135"
Jan-20,0010O00002E8rylQAB,Food & Beverages,PLATFORM,CONTRACT,cross-border,20,"€33,215","€46,768"
Jan-20,0010O00002BjhzcQAB,Food & Beverages,PLATFORM,SPOT,cross-border,1,€843,€837
Jan-20,0010O00002CshVOQAZ,Food & Beverages,PLATFORM,CONTRACT,cross-border,1,"€1,876","€2,050"
Jan-20,0013Y00002QB7nuQAD,Other Manufacturing,PLATFORM,CONTRACT,cross-border,1,"€1,236","€1,075"
Jan-20,0010O00002NR9tXQAT,Industrial materials,PLATFORM,CONTRACT,cross-border,25,"€24,756","€24,199"
Jan-20,0010O00002BjhzcQAB,Food & Beverages,MANUAL,CONTRACT,cross-border,32,"€26,432","€25,567"
Jan-20,0013Y00002RoeEDQAZ,Hospitality,PLATFORM,CONTRACT,domestic,64,"€32,616","€31,266"
Jan-20,0010O00001s4CbjQAE,Other Manufacturing,PLATFORM,SPOT,cross-border,6,"€6,900","€6,506"
Jan-20,0010O00002NR9tXQAT,Industrial materials,PLATFORM,SPOT,cross-border,8,"€8,539","€8,286"
Jan-20,0010O00002OlamhQAB,Food & Beverages,PLATFORM,CONTRACT,cross-border,5,"€13,650","€17,500"
Jan-20,0010O00001s4CbjQAE,Other Manufacturing,MANUAL,CONTRACT,cross-border,1,"€1,031",€938
Jan-20,0010O00002NCnefQAD,Other Manufacturing,MANUAL,CONTRACT,cross-border,1,"€2,382","€2,318"
Jan-20,0010O00002513hjQAA,Other Manufacturing,PLATFORM,CONTRACT,domestic,3,"€1,968","€1,922"
Jan-20,0010O00002CsN7vQAF,Other,PLATFORM,CONTRACT,domestic,2,"€2,703","€2,573"
Jan-20,0013Y00002QU6ymQAD,Food & Beverages,PLATFORM,CONTRACT,cross-border,3,"€2,681","€2,475"
Jan-20,0013Y00002Uhy3vQAB,Hospitality,PLATFORM,CONTRACT,cross-border,2,"€3,126","€3,055"
Jan-20,0013Y00002Xg4OCQAZ,Hospitality,PLATFORM,SPOT,domestic,1,"€1,050",€938
Jan-20,0010O00001vQ9tsQAC,Hospitality,PLATFORM,CONTRACT,cross-border,18,"€19,688","€20,003"
Jan-20,0010O00001s4CbjQAE,Other Manufacturing,PLATFORM,CONTRACT,cross-border,19,"€19,594","€18,563"
Jan-20,0010O00002BjjIYQAZ,Hospitality,PLATFORM,CONTRACT,domestic,12,"€7,650","€7,561"
Jan-20,0013Y00002TQj9xQAD,Industrial materials,PLATFORM,CONTRACT,cross-border,38,"€63,114","€62,407"
Jan-20,0013Y00002Uj6zzQAB,Hospitality,PLATFORM,SPOT,cross-border,1,"€1,181","€1,097"
Jan-20,0013Y00002UjLn1QAF,Industrial materials,PLATFORM,CONTRACT,cross-border,1,"€1,091","€1,031"
Jan-20,0010O00002BjsojQAB,Consumer Goods,PLATFORM,SPOT,cross-border,1,"€2,998","€2,844"
Jan-20,0013Y00002QU6ymQAD,Food & Beverages,PLATFORM,CONTRACT,domestic,1,€509,€688
Jan-20,0013Y00002Uj6zzQAB,Hospitality,PLATFORM,CONTRACT,domestic,19,"€45,689","€44,888"
Jan-20,0010O00002BF1aSQAT,Consumer Goods,MANUAL,CONTRACT,domestic,3,"€1,687","€2,265"
Jan-20,0010O00002Bii72QAB,Food & Beverages,PLATFORM,CONTRACT,cross-border,5,"€9,660","€10,164"
Jan-20,0013Y00002TQgt4QAD,Other,MANUAL,CONTRACT,cross-border,1,"€1,094","€1,308"
Jan-20,0010O00002BDKEeQAP,Other Manufacturing,MANUAL,CONTRACT,cross-border,16,"€18,815","€19,754"
Jan-20,0010O00002OkbDVQAZ,Other Manufacturing,PLATFORM,CONTRACT,cross-border,34,"€85,224","€85,459"
Jan-20,0010O00002Bji22QAB,Other Manufacturing,PLATFORM,CONTRACT,domestic,17,"€12,687","€12,415"
Jan-20,0010O00002CqEwnQAF,Other Manufacturing,PLATFORM,SPOT,cross-border,5,"€3,996","€3,740"
Jan-20,0010O00001tNphuQAC,Food & Beverages,PLATFORM,CONTRACT,domestic,7,"€7,346","€10,184"
Jan-20,0010O00002OTkjxQAD,Industrial materials,PLATFORM,CONTRACT,cross-border,16,"€7,476","€7,693"
Jan-20,0010O00001s4Ca2QAE,Food & Beverages,PLATFORM,CONTRACT,cross-border,6,"€3,302","€1,547"
Jan-20,0010O00001vmYzfQAE,Food & Beverages,MANUAL,CONTRACT,domestic,235,"€170,250","€161,756"
Jan-20,0010O00002BjhzcQAB,Food & Beverages,PLATFORM,CONTRACT,domestic,35,"€40,373","€39,469"
Jan-20,0010O00001vnJ6rQAE,Other Manufacturing,PLATFORM,CONTRACT,domestic,2,"€3,371","€2,311"
Jan-20,0010O000026Oz15QAC,Industrial materials,PLATFORM,CONTRACT,domestic,2,"€1,452","€1,153"
Jan-20,0013Y00002Xco2pQAB,Food & Beverages,PLATFORM,CONTRACT,cross-border,8,"€5,684","€6,278"
Jan-20,0010O00002E9BbyQAF,Consumer Goods,PLATFORM,CONTRACT,domestic,40,"€37,295","€36,852"
Jan-20,0010O00002BjsojQAB,Consumer Goods,PLATFORM,CONTRACT,cross-border,41,"€71,348","€81,380"
Jan-20,0010O00002OlNe7QAF,Other Manufacturing,PLATFORM,CONTRACT,cross-border,4,"€6,515","€6,249"
Jan-20,0013Y00002TSbtdQAD,Other,PLATFORM,CONTRACT,cross-border,8,"€9,816","€11,622"
Jan-20,0010O00001t5UnpQAE,Industrial materials,PLATFORM,CONTRACT,cross-border,32,"€28,056","€30,041"
Jan-20,0010O00001tNphuQAC,Food & Beverages,MANUAL,CONTRACT,domestic,16,"€17,201","€18,487"
Jan-20,0010O00002LcShoQAF,Hospitality,PLATFORM,CONTRACT,cross-border,4,"€9,986","€9,293"
Jan-20,0010O00002Bii72QAB,Food & Beverages,MANUAL,CONTRACT,domestic,4,"€1,960","€2,044"
Jan-20,0010O00001t5UnpQAE,Industrial materials,MANUAL,CONTRACT,cross-border,1,€737,€754
Jan-20,0010O00002Lyi5tQAB,Other,PLATFORM,SPOT,domestic,1,€433,€394
Jan-20,0010O00002IfhmrQAB,Hospitality,PLATFORM,CONTRACT,domestic,726,"€456,616","€371,583"
Jan-20,0010O00002M15cyQAB,Other,PLATFORM,CONTRACT,cross-border,3,"€7,069","€7,119"
Jan-20,0010O00002PxdBVQAZ,Food & Beverages,PLATFORM,CONTRACT,domestic,4,"€2,719","€2,556"
Jan-20,0010O00002OTkjxQAD,Industrial materials,MANUAL,SPOT,cross-border,1,€467,€445
Jan-20,0013Y00002TQidMQAT,Other,PLATFORM,CONTRACT,domestic,1,€644,€578
Jan-20,0010O00001vQ9tsQAC,Hospitality,PLATFORM,CONTRACT,domestic,40,"€24,289","€23,273"
Jan-20,0010O00002OlNe7QAF,Other Manufacturing,PLATFORM,SPOT,cross-border,1,"€2,336","€2,273"
Jan-20,0010O00002CqI42QAF,Food & Beverages,PLATFORM,CONTRACT,cross-border,2,"€3,860","€3,888"
Jan-20,0013Y00002UjhigQAB,Other Manufacturing,PLATFORM,CONTRACT,cross-border,12,"€6,072","€7,441"
Jan-20,0010O00002Ctl23QAB,Other Manufacturing,PLATFORM,CONTRACT,cross-border,1,"€2,820","€2,726"
Jan-20,0010O00002Bii72QAB,Food & Beverages,MANUAL,CONTRACT,cross-border,1,"€1,932","€1,932"
Jan-20,0013Y00002UjvOLQAZ,Food & Beverages,PLATFORM,CONTRACT,cross-border,9,"€18,178","€18,521"
Jan-20,0013Y00002TQgt4QAD,Other,PLATFORM,CONTRACT,cross-border,23,"€29,129","€32,947"
Jan-20,0010O00002NbqBUQAZ,Food & Beverages,PLATFORM,CONTRACT,cross-border,12,"€8,946","€10,388"
Jan-20,0010O000027qh02QAA,Food & Beverages,PLATFORM,CONTRACT,domestic,8,"€11,399","€11,622"
Jan-20,0010O00002BF1aSQAT,Consumer Goods,MANUAL,CONTRACT,cross-border,5,"€2,130","€2,150"
Jan-20,0013Y00002TRPIwQAP,Other Manufacturing,PLATFORM,CONTRACT,domestic,4,"€1,819","€2,255"
Jan-20,0010O00002Ol1PMQAZ,Food & Beverages,PLATFORM,CONTRACT,domestic,5,"€10,223","€10,136"
Jan-20,0010O00002OlamhQAB,Food & Beverages,MANUAL,CONTRACT,cross-border,3,"€8,190","€10,763"
Jan-20,0010O00002PxdBVQAZ,Food & Beverages,PLATFORM,CONTRACT,cross-border,1,"€4,078","€3,444"
Jan-20,0013Y00002TRPIwQAP,Other Manufacturing,MANUAL,CONTRACT,domestic,1,€449,€679
Jan-20,0010O00002BF1aSQAT,Consumer Goods,PLATFORM,CONTRACT,domestic,217,"€119,993","€133,295"
Jan-20,0013Y00002TRek0QAD,Other,PLATFORM,CONTRACT,cross-border,8,"€10,043","€9,721"
Jan-20,0010O00002Bjk0yQAB,Other Manufacturing,PLATFORM,CONTRACT,domestic,2,"€2,574","€2,592"
Jan-20,0010O00002N1CsbQAF,Food & Beverages,PLATFORM,CONTRACT,cross-border,12,"€22,143","€22,627"
Jan-20,0013Y00002TQpkUQAT,Industrial materials,PLATFORM,CONTRACT,cross-border,2,"€2,999","€3,574"
Jan-20,0010O00002CshdhQAB,Food & Beverages,MANUAL,CONTRACT,cross-border,1,"€3,350","€3,383"
Jan-20,0010O00002E9BbyQAF,Consumer Goods,PLATFORM,CONTRACT,cross-border,128,"€227,287","€238,194"
Jan-20,0013Y00002TQgt4QAD,Other,PLATFORM,CONTRACT,domestic,3,"€1,016","€1,006"
Jan-20,0010O00002PxfDXQAZ,Industrial materials,PLATFORM,CONTRACT,cross-border,13,"€27,073","€28,858"
Jan-20,0010O000026Oz15QAC,Industrial materials,PLATFORM,SPOT,domestic,4,"€2,702","€2,344"
Jan-20,0010O00002E8rylQAB,Food & Beverages,MANUAL,CONTRACT,cross-border,3,"€6,061","€8,613"
Jan-20,0010O00002CshdhQAB,Food & Beverages,PLATFORM,CONTRACT,cross-border,1,"€3,267","€3,300"
Jan-20,0010O00002E9BbyQAF,Consumer Goods,PLATFORM,SPOT,cross-border,2,"€5,968","€7,089"
Jan-20,0010O00002BjhzcQAB,Food & Beverages,PLATFORM,CONTRACT,cross-border,33,"€22,085","€20,815"
Jan-20,0010O00002NCnefQAD,Other Manufacturing,PLATFORM,CONTRACT,cross-border,29,"€79,336","€79,799"
Jan-20,0013Y00002TR04EQAT,Food & Beverages,PLATFORM,SPOT,cross-border,6,"€3,632","€2,976"
Jan-20,0010O00002E9BbyQAF,Consumer Goods,MANUAL,CONTRACT,domestic,4,"€3,595","€4,066"
Jan-20,0010O00002E9BbyQAF,Consumer Goods,MANUAL,CONTRACT,cross-border,6,"€9,646","€11,016"
Jan-20,0010O00002513hjQAA,Other Manufacturing,PLATFORM,SPOT,domestic,3,"€2,153","€1,999"
Feb-20,0010O000026Oz15QAC,Industrial materials,PLATFORM,SPOT,domestic,3,"€1,953","€1,809"
Feb-20,0013Y00002TRek0QAD,Other,PLATFORM,CONTRACT,cross-border,11,"€18,115","€18,303"
Feb-20,0013Y00002UjhigQAB,Other Manufacturing,PLATFORM,CONTRACT,cross-border,28,"€17,733","€18,412"
Feb-20,0010O00002BjgXAQAZ,Other,PLATFORM,CONTRACT,cross-border,7,"€9,987","€9,117"
Feb-20,0010O00002BDKEeQAP,Other Manufacturing,MANUAL,CONTRACT,cross-border,29,"€29,733","€29,860"
Feb-20,0010O00002LcShoQAF,Hospitality,PLATFORM,CONTRACT,cross-border,3,"€5,576","€5,276"
Feb-20,0010O00002Ol1PMQAZ,Food & Beverages,PLATFORM,CONTRACT,domestic,5,"€7,303","€7,134"
Feb-20,0013Y00002TSbtdQAD,Other,PLATFORM,CONTRACT,cross-border,10,"€12,271","€13,034"
Feb-20,0013Y00002QB7nuQAD,Other Manufacturing,PLATFORM,CONTRACT,cross-border,1,"€1,140","€1,075"
Feb-20,0013Y00002TRek0QAD,Other,PLATFORM,SPOT,cross-border,1,"€1,094","€1,416"
Feb-20,0013Y00002QTtbzQAD,Food & Beverages,PLATFORM,CONTRACT,domestic,2,"€2,257","€2,072"
Feb-20,0013Y00002QBEnwQAH,Other Manufacturing,MANUAL,CONTRACT,cross-border,3,"€6,484","€7,053"
Feb-20,0010O00002CshdhQAB,Food & Beverages,MANUAL,CONTRACT,cross-border,1,"€4,142","€4,001"
Feb-20,0013Y00002ZJk1sQAD,Other,PLATFORM,SPOT,cross-border,1,€840,€840
Feb-20,0010O00002M14QDQAZ,Automotive & Automotive Supplier,MANUAL,CONTRACT,cross-border,2,"€2,090","€2,200"
Feb-20,0010O00002Bii72QAB,Food & Beverages,PLATFORM,CONTRACT,cross-border,1,"€1,932","€2,030"
Feb-20,0010O00002NCnefQAD,Other Manufacturing,PLATFORM,CONTRACT,cross-border,13,"€26,883","€26,078"
Feb-20,0010O00001tNphuQAC,Food & Beverages,PLATFORM,CONTRACT,domestic,10,"€10,549","€10,859"
Feb-20,0010O00002OkbDVQAZ,Other Manufacturing,PLATFORM,CONTRACT,cross-border,37,"€96,624","€100,054"
Feb-20,0010O00002E9BbyQAF,Consumer Goods,PLATFORM,CONTRACT,cross-border,108,"€180,192","€179,449"
Feb-20,0010O00002Bii72QAB,Food & Beverages,MANUAL,CONTRACT,domestic,17,"€8,708","€7,812"
Feb-20,0010O00002BF1aSQAT,Consumer Goods,PLATFORM,CONTRACT,cross-border,58,"€33,815","€33,585"
Feb-20,0010O00002N1CsbQAF,Food & Beverages,PLATFORM,CONTRACT,cross-border,11,"€19,192","€19,390"
Feb-20,0010O00001vQ9tsQAC,Hospitality,PLATFORM,CONTRACT,domestic,33,"€16,526","€15,399"
Feb-20,0010O00002CqEwnQAF,Other Manufacturing,PLATFORM,CONTRACT,cross-border,26,"€23,045","€21,843"
Feb-20,0010O00002513hjQAA,Other Manufacturing,PLATFORM,CONTRACT,domestic,4,"€2,809","€2,419"
Feb-20,0010O00002E9BbyQAF,Consumer Goods,MANUAL,CONTRACT,domestic,3,"€2,658","€2,572"
Feb-20,0010O00002NS7gnQAD,Other Manufacturing,PLATFORM,SPOT,cross-border,1,€774,€671
Feb-20,0013Y00002TQj9xQAD,Industrial materials,MANUAL,CONTRACT,cross-border,3,"€4,882","€4,641"
Feb-20,0010O00002Ol1PMQAZ,Food & Beverages,MANUAL,CONTRACT,domestic,1,"€1,577","€1,501"
Feb-20,0010O00002BF1aSQAT,Consumer Goods,PLATFORM,CONTRACT,domestic,173,"€87,231","€91,730"
Feb-20,0013Y00002Ui346QAB,Hospitality,PLATFORM,CONTRACT,domestic,40,"€38,351","€36,501"
Feb-20,0013Y00002TQgt4QAD,Other,PLATFORM,CONTRACT,cross-border,24,"€30,655","€33,005"
Feb-20,0010O00002PxdBVQAZ,Food & Beverages,PLATFORM,CONTRACT,domestic,3,"€2,093","€2,066"
Feb-20,0010O00002NbqBUQAZ,Food & Beverages,PLATFORM,CONTRACT,cross-border,9,"€8,078","€7,301"
Feb-20,0010O00002N1IzrQAF,Food & Beverages,PLATFORM,CONTRACT,cross-border,3,"€4,662","€4,620"
Feb-20,0010O00002Bjsi2QAB,Food & Beverages,PLATFORM,CONTRACT,domestic,31,"€18,237","€18,974"
Feb-20,0010O00002IfhmrQAB,Hospitality,PLATFORM,SPOT,domestic,2,"€6,719","€5,923"
Feb-20,0010O00002Bii72QAB,Food & Beverages,MANUAL,CONTRACT,cross-border,7,"€13,524","€13,734"
Feb-20,0013Y00002UhcQTQAZ,Other,PLATFORM,CONTRACT,cross-border,2,"€4,278","€4,170"
Feb-20,0010O00001s4CbjQAE,Other Manufacturing,PLATFORM,CONTRACT,cross-border,2,"€2,063","€1,969"
Feb-20,0013Y00002Xg4PKQAZ,Food & Beverages,PLATFORM,CONTRACT,cross-border,4,"€4,899","€5,210"
Feb-20,0013Y00002Sjx0wQAB,Consumer Goods,PLATFORM,CONTRACT,cross-border,1,€973,€938
Feb-20,0010O00002IfhmrQAB,Hospitality,PLATFORM,CONTRACT,domestic,715,"€335,671","€299,543"
Feb-20,0013Y00002Uj6zzQAB,Hospitality,PLATFORM,CONTRACT,domestic,15,"€36,070","€35,438"
Feb-20,0010O00001s4Ca2QAE,Food & Beverages,PLATFORM,CONTRACT,cross-border,3,"€1,651",€774
Feb-20,0010O00002OlOpaQAF,Automotive & Automotive Supplier,PLATFORM,CONTRACT,cross-border,4,"€5,396","€4,789"
Feb-20,0013Y00002TQgt4QAD,Other,PLATFORM,CONTRACT,domestic,10,"€3,956","€3,913"
Feb-20,0013Y00002ZJJowQAH,Automotive & Automotive Supplier,MANUAL,CONTRACT,domestic,3,"€2,893","€2,315"
Feb-20,0010O00002OThqTQAT,Food & Beverages,PLATFORM,SPOT,cross-border,1,€682,€653
Feb-20,0013Y00002Xczk1QAB,Food & Beverages,PLATFORM,CONTRACT,cross-border,4,"€5,289","€4,889"
Feb-20,0010O00002OTkjxQAD,Industrial materials,MANUAL,CONTRACT,cross-border,1,€467,€445
Feb-20,0010O00001vmYzfQAE,Food & Beverages,MANUAL,CONTRACT,domestic,14,"€7,739","€7,310"
Feb-20,0010O00002BjjIYQAZ,Hospitality,PLATFORM,CONTRACT,domestic,20,"€12,750","€12,597"
Feb-20,0010O00002BF1aSQAT,Consumer Goods,MANUAL,SPOT,cross-border,2,"€3,080","€2,750"
Feb-20,0013Y00002ZJh7fQAD,Other,PLATFORM,CONTRACT,cross-border,1,"€2,329","€2,282"
Feb-20,0010O00002OlamhQAB,Food & Beverages,PLATFORM,CONTRACT,cross-border,10,"€27,300","€33,513"
Feb-20,0013Y00002Ui346QAB,Hospitality,MANUAL,CONTRACT,domestic,2,"€1,116","€1,116"
Feb-20,0010O00002OkvSLQAZ,Other,PLATFORM,CONTRACT,cross-border,1,"€1,289","€1,224"
Feb-20,0010O00002Bji22QAB,Other Manufacturing,PLATFORM,CONTRACT,domestic,18,"€12,707","€12,442"
Feb-20,0013Y00002Xco2pQAB,Food & Beverages,PLATFORM,CONTRACT,cross-border,9,"€6,358","€6,358"
Feb-20,0013Y00002TSXBzQAP,Industrial materials,PLATFORM,CONTRACT,domestic,2,€940,€911
Feb-20,0010O00002PxdilQAB,Other,PLATFORM,CONTRACT,domestic,33,"€26,902","€24,340"
Feb-20,0013Y00002ZJA6vQAH,Consumer Goods,PLATFORM,CONTRACT,domestic,1,€878,€844
Feb-20,0013Y00002TSXBzQAP,Industrial materials,PLATFORM,CONTRACT,cross-border,9,"€12,890","€13,372"
Feb-20,0013Y00002Ujvb5QAB,Other,PLATFORM,CONTRACT,cross-border,3,"€8,069","€7,469"
Feb-20,0010O00002Nn7a3QAB,Other Manufacturing,PLATFORM,CONTRACT,domestic,25,"€20,976","€20,560"
Feb-20,0013Y00002QU6ymQAD,Food & Beverages,PLATFORM,CONTRACT,cross-border,8,"€13,063","€11,688"
Feb-20,0013Y00002ZJHX0QAP,Hospitality,PLATFORM,CONTRACT,domestic,10,"€14,606","€14,250"
Feb-20,0013Y00002TR04EQAT,Food & Beverages,PLATFORM,SPOT,cross-border,3,"€1,384","€1,184"
Feb-20,0010O00002BF1aSQAT,Consumer Goods,MANUAL,CONTRACT,domestic,7,"€3,558","€3,790"
Feb-20,0013Y00002QTpkcQAD,Food & Beverages,PLATFORM,CONTRACT,cross-border,2,"€3,502","€3,348"
Feb-20,0010O00002Ol0u2QAB,Hospitality,PLATFORM,SPOT,cross-border,1,"€1,850","€1,695"
Feb-20,0010O00002OlNe7QAF,Other Manufacturing,PLATFORM,CONTRACT,cross-border,28,"€46,081","€42,174"
Feb-20,0010O00002E9BbyQAF,Consumer Goods,PLATFORM,CONTRACT,domestic,43,"€39,571","€38,955"
Feb-20,0010O00002BjhzcQAB,Food & Beverages,MANUAL,CONTRACT,cross-border,33,"€28,656","€26,459"
Feb-20,0010O00001tNphuQAC,Food & Beverages,MANUAL,CONTRACT,domestic,15,"€16,589","€17,182"
Feb-20,0013Y00002TQpkUQAT,Industrial materials,PLATFORM,CONTRACT,cross-border,5,"€14,674","€15,120"
Feb-20,0010O00002CqEwnQAF,Other Manufacturing,PLATFORM,SPOT,cross-border,7,"€6,237","€5,576"
Feb-20,0013Y00002UkaqeQAB,Food & Beverages,PLATFORM,CONTRACT,cross-border,2,"€3,625","€3,949"
Feb-20,0013Y00002QU6ymQAD,Food & Beverages,PLATFORM,CONTRACT,domestic,3,"€1,526","€1,513"
Feb-20,0010O00002CqI42QAF,Food & Beverages,PLATFORM,CONTRACT,cross-border,2,"€3,860","€3,734"
Feb-20,0010O00002BjhzcQAB,Food & Beverages,MANUAL,CONTRACT,domestic,185,"€196,286","€180,514"
Feb-20,0010O00002Lyi5tQAB,Other,PLATFORM,CONTRACT,domestic,29,"€13,407","€12,922"
Feb-20,0010O00002NbnhcQAB,Hospitality,PLATFORM,CONTRACT,cross-border,24,"€33,372","€33,078"
Feb-20,0010O00002BiiIUQAZ,Food & Beverages,PLATFORM,CONTRACT,cross-border,13,"€6,654","€6,484"
Feb-20,0013Y00002Ui346QAB,Hospitality,MANUAL,SPOT,domestic,2,"€1,706","€1,667"
Feb-20,0013Y00002ZJOodQAH,Other Manufacturing,PLATFORM,CONTRACT,cross-border,1,€572,€550
Feb-20,0010O000027qh02QAA,Food & Beverages,PLATFORM,CONTRACT,domestic,36,"€61,090","€49,747"
Feb-20,0013Y00002Uhy3vQAB,Hospitality,MANUAL,SPOT,cross-border,3,"€4,408","€4,151"
Feb-20,0013Y00002TRPIwQAP,Other Manufacturing,MANUAL,CONTRACT,domestic,1,€449,€582
Feb-20,0010O00002M15cyQAB,Other,PLATFORM,CONTRACT,cross-border,3,"€6,231","€6,147"
Feb-20,0013Y00002TQgt4QAD,Other,MANUAL,CONTRACT,domestic,3,"€1,115","€1,092"
Feb-20,0013Y00002Uhy3vQAB,Hospitality,PLATFORM,CONTRACT,cross-border,9,"€12,741","€13,961"
Feb-20,0010O00002BjhzcQAB,Food & Beverages,PLATFORM,CONTRACT,domestic,52,"€58,791","€53,902"
Feb-20,0010O00002Bjh0kQAB,Food & Beverages,PLATFORM,CONTRACT,cross-border,15,"€21,420","€22,376"
Feb-20,0013Y00002Ui346QAB,Hospitality,PLATFORM,SPOT,domestic,35,"€32,038","€30,719"
Feb-20,0010O00002E8rylQAB,Food & Beverages,PLATFORM,CONTRACT,cross-border,6,"€8,678","€11,863"
Feb-20,0010O00002BDKEoQAP,Food & Beverages,PLATFORM,CONTRACT,cross-border,24,"€16,819","€16,610"
Feb-20,0010O00002BF1aSQAT,Consumer Goods,MANUAL,CONTRACT,cross-border,2,"€1,200","€1,160"
Feb-20,0013Y00002TQgyUQAT,Food & Beverages,PLATFORM,SPOT,domestic,2,"€1,508","€1,642"
Feb-20,0013Y00002UjvOLQAZ,Food & Beverages,MANUAL,CONTRACT,cross-border,2,"€3,176","€3,300"
Feb-20,0010O00001t5UnpQAE,Industrial materials,PLATFORM,CONTRACT,cross-border,40,"€34,589","€34,589"
Feb-20,0013Y00002Xf0v2QAB,Other,PLATFORM,CONTRACT,cross-border,18,"€20,357","€20,741"
Feb-20,0013Y00002TQj9xQAD,Industrial materials,PLATFORM,CONTRACT,cross-border,24,"€40,077","€39,501"
Feb-20,0010O00002NR9tXQAT,Industrial materials,MANUAL,CONTRACT,cross-border,1,"€1,698","€1,856"
Feb-20,0010O00002OlamhQAB,Food & Beverages,MANUAL,CONTRACT,cross-border,8,"€21,840","€26,688"
Feb-20,0010O00002Bjsi2QAB,Food & Beverages,MANUAL,CONTRACT,domestic,4,"€2,808","€3,089"
Feb-20,0013Y00002QBI6aQAH,Food & Beverages,PLATFORM,CONTRACT,cross-border,5,"€7,326","€7,731"
Feb-20,0013Y00002TRPIwQAP,Other Manufacturing,PLATFORM,CONTRACT,domestic,6,"€2,898","€3,631"
Feb-20,0013Y00002QBH2iQAH,Consumer Goods,PLATFORM,CONTRACT,cross-border,6,"€19,018","€19,673"
Feb-20,0013Y00002XcFnjQAF,Food & Beverages,PLATFORM,CONTRACT,cross-border,2,"€1,794","€1,744"
Feb-20,0010O00002KKdxsQAD,Other Manufacturing,PLATFORM,CONTRACT,domestic,2,"€1,980","€1,843"
Feb-20,0010O00002M1C8rQAF,Industrial materials,PLATFORM,CONTRACT,cross-border,1,"€1,382","€1,455"
Feb-20,0010O00002BjhzcQAB,Food & Beverages,PLATFORM,CONTRACT,cross-border,48,"€33,664","€29,683"
Feb-20,0013Y00002Ui3JRQAZ,Automotive & Automotive Supplier,PLATFORM,CONTRACT,cross-border,16,"€19,553","€16,845"
Feb-20,0010O00002NR9tXQAT,Industrial materials,PLATFORM,CONTRACT,cross-border,28,"€35,227","€33,969"
Feb-20,0010O00002BjsojQAB,Consumer Goods,PLATFORM,CONTRACT,cross-border,28,"€46,394","€54,218"
Feb-20,0010O00002KKdxsQAD,Other Manufacturing,PLATFORM,SPOT,domestic,1,€990,€935
Feb-20,0010O00002BjhzcQAB,Food & Beverages,PLATFORM,SPOT,domestic,1,€813,€761
Feb-20,0010O00002Bjk0yQAB,Other Manufacturing,PLATFORM,CONTRACT,domestic,2,"€2,574","€2,503"
Feb-20,0010O00001vmYzfQAE,Food & Beverages,PLATFORM,CONTRACT,domestic,557,"€326,134","€307,816"
Feb-20,0010O00001s4CbjQAE,Other Manufacturing,PLATFORM,SPOT,cross-border,23,"€23,719","€22,050"
Feb-20,0010O00001s4YxuQAE,Industrial materials,PLATFORM,CONTRACT,cross-border,9,"€6,757","€6,611"
Feb-20,0010O00002KB8amQAD,Industrial materials,PLATFORM,SPOT,cross-border,1,"€1,951","€1,931"
Feb-20,0010O00002OTkjxQAD,Industrial materials,PLATFORM,CONTRACT,cross-border,18,"€8,411","€8,210"
Feb-20,0013Y00002QBEnwQAH,Other Manufacturing,PLATFORM,CONTRACT,cross-border,5,"€10,481","€11,326"
Feb-20,0010O00002NR9tXQAT,Industrial materials,MANUAL,SPOT,cross-border,1,"€1,401","€1,502"
Feb-20,0013Y00002Uhy3vQAB,Hospitality,MANUAL,CONTRACT,cross-border,5,"€7,626","€7,513"
Feb-20,0010O000026Oz15QAC,Industrial materials,PLATFORM,SPOT,cross-border,1,€853,€741
Feb-20,0010O00002Lyi5tQAB,Other,MANUAL,CONTRACT,domestic,6,"€2,599","€2,573"
Feb-20,0010O00002CshluQAB,Food & Beverages,MANUAL,CONTRACT,cross-border,1,"€4,410","€3,870"
Feb-20,0013Y00002QTtbzQAD,Food & Beverages,MANUAL,SPOT,domestic,1,€999,€981
Feb-20,0010O00002IfhmrQAB,Hospitality,MANUAL,CONTRACT,domestic,403,"€167,132","€150,282"
Feb-20,0010O00002BDKEeQAP,Other Manufacturing,PLATFORM,CONTRACT,cross-border,31,"€30,750","€32,784"
Feb-20,0013Y00002UjvOLQAZ,Food & Beverages,PLATFORM,CONTRACT,cross-border,7,"€11,309","€12,244"
Feb-20,0010O00002Ctl23QAB,Other Manufacturing,PLATFORM,CONTRACT,cross-border,2,"€3,090","€3,126"
Feb-20,0013Y00002XfkUKQAZ,Automotive & Automotive Supplier,PLATFORM,CONTRACT,cross-border,1,"€2,555","€2,245"
Feb-20,0010O00002NR9tXQAT,Industrial materials,PLATFORM,SPOT,cross-border,12,"€14,985","€14,462"
Feb-20,0010O00002CshluQAB,Food & Beverages,PLATFORM,CONTRACT,cross-border,3,"€13,230","€12,690"
Feb-20,0010O00002E9BbyQAF,Consumer Goods,MANUAL,CONTRACT,cross-border,3,"€5,551","€5,213"
Feb-20,0013Y00002ZJgbfQAD,Hospitality,PLATFORM,SPOT,cross-border,1,"€1,680","€1,648"
Feb-20,0010O00002E8rylQAB,Food & Beverages,MANUAL,CONTRACT,cross-border,1,"€1,446","€1,950"
Feb-20,0013Y00002TRPIwQAP,Other Manufacturing,PLATFORM,SPOT,domestic,2,€582,€861
Mar-20,0013Y00002Uhy3vQAB,Hospitality,PLATFORM,CONTRACT,cross-border,5,"€7,923","€9,645"
Mar-20,0013Y00002Xco2pQAB,Food & Beverages,PLATFORM,CONTRACT,cross-border,16,"€11,368","€11,025"
Mar-20,0013Y00002QU2cRQAT,Other Manufacturing,PLATFORM,SPOT,cross-border,2,"€2,247","€2,198"
Mar-20,0013Y00002QU6ymQAD,Food & Beverages,PLATFORM,SPOT,domestic,1,€633,€619
Mar-20,0013Y00002UiKruQAF,Other Manufacturing,PLATFORM,SPOT,domestic,1,€742,€731
Mar-20,0010O00002E9BbyQAF,Consumer Goods,PLATFORM,CONTRACT,cross-border,226,"€406,711","€432,115"
Mar-20,0010O00002IfhmrQAB,Hospitality,PLATFORM,CONTRACT,domestic,53,"€29,184","€26,812"
Mar-20,0010O00001s4CbjQAE,Other Manufacturing,PLATFORM,CONTRACT,cross-border,20,"€22,125","€20,475"
Mar-20,0010O00002Bji22QAB,Other Manufacturing,PLATFORM,CONTRACT,domestic,26,"€18,497","€17,760"
Mar-20,0010O00002Bii72QAB,Food & Beverages,MANUAL,CONTRACT,domestic,20,"€9,926","€8,722"
Mar-20,0010O00002NCnefQAD,Other Manufacturing,MANUAL,CONTRACT,cross-border,2,"€3,283","€2,781"
Mar-20,0010O00002IfhmrQAB,Hospitality,PLATFORM,SPOT,domestic,1,"€1,581","€1,395"
Mar-20,0010O00002BF1aSQAT,Consumer Goods,MANUAL,SPOT,domestic,2,€745,"€1,105"
Mar-20,0013Y00002ZLJsxQAH,Hospitality,PLATFORM,SPOT,cross-border,1,€492,€363
Mar-20,0010O00002Ol0CLQAZ,Consumer Goods,PLATFORM,SPOT,cross-border,1,€989,"€1,006"
Mar-20,0010O00002E9BbyQAF,Consumer Goods,PLATFORM,SPOT,cross-border,1,"€1,204","€1,182"
Mar-20,0013Y00002XcFnjQAF,Food & Beverages,PLATFORM,CONTRACT,cross-border,1,€924,€977
Mar-20,0013Y00002TRPIwQAP,Other Manufacturing,MANUAL,SPOT,domestic,1,€437,€485
Mar-20,0013Y00002TSf0dQAD,Other,PLATFORM,CONTRACT,domestic,1,€698,€665
Mar-20,0010O00002Nn7a3QAB,Other Manufacturing,PLATFORM,CONTRACT,domestic,43,"€32,871","€37,271"
Mar-20,0010O00002NbnhcQAB,Hospitality,PLATFORM,CONTRACT,cross-border,21,"€28,583","€28,493"
Mar-20,0010O00002OkvSLQAZ,Other,PLATFORM,CONTRACT,cross-border,1,"€1,546","€1,453"
Mar-20,0010O00002HJMOmQAP,Other,PLATFORM,CONTRACT,domestic,33,"€26,716","€25,738"
Mar-20,0010O00002PxdilQAB,Other,PLATFORM,CONTRACT,domestic,37,"€31,582","€29,110"
Mar-20,0013Y00002QB7oOQAT,Other,MANUAL,CONTRACT,domestic,7,"€1,873","€2,304"
Mar-20,0013Y00002UjvOLQAZ,Food & Beverages,PLATFORM,CONTRACT,cross-border,4,"€5,851","€6,751"
Mar-20,0013Y00002Ui346QAB,Hospitality,PLATFORM,SPOT,domestic,16,"€15,369","€15,022"
Mar-20,0013Y00002TQj9xQAD,Industrial materials,MANUAL,CONTRACT,cross-border,1,"€1,163","€1,980"
Mar-20,0010O00002N1IzrQAF,Food & Beverages,PLATFORM,CONTRACT,cross-border,5,"€5,933","€5,387"
Mar-20,0010O00001s4Cg9QAE,Consumer Goods,PLATFORM,SPOT,domestic,1,€812,€768
Mar-20,0010O00002Bjsi2QAB,Food & Beverages,MANUAL,CONTRACT,domestic,2,€731,€697
Mar-20,0010O00002NR9tXQAT,Industrial materials,PLATFORM,SPOT,cross-border,1,€759,€759
Mar-20,0010O00002HJMOmQAP,Other,PLATFORM,SPOT,domestic,62,"€48,919","€46,538"
Mar-20,0013Y00002ZJHX0QAP,Hospitality,PLATFORM,SPOT,domestic,2,"€2,423","€1,710"
Mar-20,0010O00001uebf6QAA,Other Manufacturing,PLATFORM,CONTRACT,domestic,18,"€20,840","€19,104"
Mar-20,0013Y00002Ujvb5QAB,Other,PLATFORM,CONTRACT,cross-border,13,"€35,764","€32,602"
Mar-20,0013Y00002TR04EQAT,Food & Beverages,PLATFORM,SPOT,cross-border,6,"€2,984","€2,496"
Mar-20,0013Y00002TQpkUQAT,Industrial materials,PLATFORM,CONTRACT,cross-border,2,"€4,526","€6,289"
Mar-20,0010O00002BjhzcQAB,Food & Beverages,MANUAL,CONTRACT,domestic,300,"€307,005","€289,786"
Mar-20,0010O00002NbqBUQAZ,Food & Beverages,PLATFORM,CONTRACT,cross-border,10,"€7,176","€6,916"
Mar-20,0010O00001vmYzfQAE,Food & Beverages,PLATFORM,CONTRACT,domestic,740,"€426,742","€474,605"
Mar-20,0010O00002BF1aSQAT,Consumer Goods,PLATFORM,CONTRACT,domestic,38,"€18,167","€21,265"
Mar-20,0010O00002BiiIUQAZ,Food & Beverages,PLATFORM,CONTRACT,cross-border,16,"€8,203","€7,954"
Mar-20,0013Y00002TSbtdQAD,Other,PLATFORM,CONTRACT,cross-border,5,"€6,470","€6,790"
Mar-20,0013Y00002ZJA6vQAH,Consumer Goods,PLATFORM,CONTRACT,domestic,6,"€5,265","€5,147"
Mar-20,0010O00002BjsojQAB,Consumer Goods,MANUAL,CONTRACT,cross-border,6,"€11,085","€12,583"
Mar-20,0010O00002Ol1PMQAZ,Food & Beverages,PLATFORM,CONTRACT,domestic,2,"€2,425","€2,360"
Mar-20,0010O00002E8rylQAB,Food & Beverages,MANUAL,CONTRACT,cross-border,1,"€2,064","€2,600"
Mar-20,0010O00002Bjh0kQAB,Food & Beverages,PLATFORM,CONTRACT,cross-border,21,"€31,263","€31,582"
Mar-20,0010O00002BDKEoQAP,Food & Beverages,PLATFORM,CONTRACT,cross-border,26,"€16,544","€16,060"
Mar-20,0010O00001s4CbjQAE,Other Manufacturing,PLATFORM,SPOT,cross-border,4,"€5,100","€4,763"
Mar-20,0013Y00002ZJgbfQAD,Hospitality,PLATFORM,SPOT,cross-border,3,"€7,520","€7,920"
Mar-20,0010O00002Bjk0yQAB,Other Manufacturing,PLATFORM,CONTRACT,domestic,4,"€5,148","€5,184"
Mar-20,0010O00001s4YxuQAE,Industrial materials,PLATFORM,CONTRACT,cross-border,10,"€8,278","€8,740"
Mar-20,0010O00002M1t50QAB,Food & Beverages,PLATFORM,CONTRACT,cross-border,1,"€3,752","€3,643"
Mar-20,0013Y00002Uhuf0QAB,Other Manufacturing,PLATFORM,CONTRACT,cross-border,5,"€9,044","€9,759"
Mar-20,0010O00002CqEwnQAF,Other Manufacturing,MANUAL,CONTRACT,cross-border,4,"€4,523","€4,307"
Mar-20,0010O00002M1P8nQAF,Industrial materials,PLATFORM,CONTRACT,cross-border,2,"€5,405","€4,428"
Mar-20,0010O00001uebf6QAA,Other Manufacturing,MANUAL,CONTRACT,domestic,1,"€1,320","€1,312"
Mar-20,0013Y00002Ui346QAB,Hospitality,PLATFORM,CONTRACT,domestic,85,"€79,879","€79,826"
Mar-20,0010O00002Lyi5tQAB,Other,PLATFORM,CONTRACT,domestic,38,"€17,561","€17,168"
Mar-20,0010O00002Lyi5tQAB,Other,MANUAL,CONTRACT,domestic,5,"€2,363","€2,179"
Mar-20,0010O00001s4Cg9QAE,Consumer Goods,PLATFORM,CONTRACT,domestic,1,€653,€608
Mar-20,0010O00001vmYzfQAE,Food & Beverages,MANUAL,CONTRACT,domestic,35,"€19,882","€21,010"
Mar-20,0010O00001uebf6QAA,Other Manufacturing,PLATFORM,CONTRACT,cross-border,11,"€7,568","€8,368"
Mar-20,0010O000027qh02QAA,Food & Beverages,PLATFORM,CONTRACT,domestic,22,"€36,766","€31,011"
Mar-20,0010O00002E9BbyQAF,Consumer Goods,MANUAL,CONTRACT,domestic,5,"€4,413","€5,039"
Mar-20,0013Y00002XfkUKQAZ,Automotive & Automotive Supplier,MANUAL,CONTRACT,cross-border,3,"€5,621","€6,023"
Mar-20,0013Y00002UjhigQAB,Other Manufacturing,PLATFORM,CONTRACT,cross-border,2,"€5,819","€5,520"
Mar-20,0010O00002513hjQAA,Other Manufacturing,MANUAL,CONTRACT,domestic,1,€841,€800
Mar-20,0013Y00002Xczk1QAB,Food & Beverages,MANUAL,CONTRACT,cross-border,1,"€1,322","€1,245"
Mar-20,0010O00002BF1aSQAT,Consumer Goods,PLATFORM,CONTRACT,cross-border,6,"€2,920","€3,300"
Mar-20,0010O00002E8rylQAB,Food & Beverages,PLATFORM,CONTRACT,cross-border,8,"€13,553","€17,306"
Mar-20,0013Y00002ZIol5QAD,Food & Beverages,PLATFORM,CONTRACT,cross-border,1,"€1,299","€1,259"
Mar-20,0010O00002LcShoQAF,Hospitality,PLATFORM,CONTRACT,cross-border,1,"€1,859","€1,733"
Mar-20,0010O00002Ctl23QAB,Other Manufacturing,PLATFORM,CONTRACT,cross-border,2,"€3,148","€3,267"
Mar-20,0010O00002E9BbyQAF,Consumer Goods,PLATFORM,SPOT,domestic,2,"€2,346","€2,606"
Mar-20,0010O00002HJMOmQAP,Other,PLATFORM,SPOT,cross-border,1,€850,€833
Mar-20,0010O00002BjhzcQAB,Food & Beverages,PLATFORM,CONTRACT,domestic,52,"€55,370","€50,716"
Mar-20,0010O00002IfhmrQAB,Hospitality,MANUAL,CONTRACT,domestic,299,"€127,354","€117,027"
Mar-20,0013Y00002ZJHX0QAP,Hospitality,PLATFORM,CONTRACT,domestic,43,"€63,598","€61,845"
Mar-20,0010O00002OTkjxQAD,Industrial materials,PLATFORM,CONTRACT,cross-border,19,"€9,523","€9,412"
Mar-20,0010O00001tNphuQAC,Food & Beverages,PLATFORM,CONTRACT,domestic,29,"€31,627","€34,438"
Mar-20,0010O00002Bjj9yQAB,Food & Beverages,PLATFORM,CONTRACT,domestic,2,"€1,220","€1,373"
Mar-20,0013Y00002QU6ymQAD,Food & Beverages,PLATFORM,CONTRACT,domestic,3,"€1,526","€2,406"
Mar-20,0013Y00002TQgt4QAD,Other,PLATFORM,CONTRACT,domestic,9,"€3,714","€4,118"
Mar-20,0010O00002PxdilQAB,Other,MANUAL,CONTRACT,domestic,1,€528,€541
Mar-20,0010O00002OTkjxQAD,Industrial materials,MANUAL,CONTRACT,cross-border,1,€467,€478
Mar-20,0010O000026Oz15QAC,Industrial materials,PLATFORM,SPOT,cross-border,1,€737,€675
Mar-20,0013Y00002QB61KQAT,Food & Beverages,PLATFORM,CONTRACT,cross-border,1,"€1,516","€1,504"
Mar-20,0010O00002OkbDVQAZ,Other Manufacturing,PLATFORM,CONTRACT,cross-border,10,"€28,184","€31,193"
Mar-20,0010O00001vQ9tsQAC,Hospitality,PLATFORM,CONTRACT,domestic,36,"€16,431","€15,177"
Mar-20,0010O00002BjsojQAB,Consumer Goods,PLATFORM,CONTRACT,cross-border,19,"€33,863","€38,185"
Mar-20,0010O00002CqEwnQAF,Other Manufacturing,PLATFORM,CONTRACT,cross-border,41,"€36,302","€35,519"
Mar-20,0013Y00002TQgt4QAD,Other,PLATFORM,CONTRACT,cross-border,18,"€21,816","€23,865"
Mar-20,0010O00002BjhzcQAB,Food & Beverages,PLATFORM,CONTRACT,cross-border,56,"€30,363","€26,921"
Mar-20,0013Y00002ZJJowQAH,Automotive & Automotive Supplier,MANUAL,CONTRACT,domestic,20,"€16,238","€16,900"
Mar-20,0013Y00002QTtbzQAD,Food & Beverages,MANUAL,CONTRACT,domestic,5,"€5,106","€4,496"
Mar-20,0013Y00002QB7oOQAT,Other,PLATFORM,CONTRACT,domestic,2,€639,€765
Mar-20,0010O00002M1Y3nQAF,Other,PLATFORM,SPOT,domestic,2,"€3,150","€2,800"
Mar-20,0013Y00002ZKs4CQAT,Consumer Goods,PLATFORM,SPOT,domestic,1,€508,€522
Mar-20,0013Y00002QTpkcQAD,Food & Beverages,PLATFORM,CONTRACT,cross-border,1,"€1,751","€1,764"
Mar-20,0013Y00002UiKruQAF,Other Manufacturing,PLATFORM,CONTRACT,domestic,39,"€12,492","€12,126"
Mar-20,0010O00002N1CsbQAF,Food & Beverages,PLATFORM,CONTRACT,cross-border,20,"€38,932","€37,692"
Mar-20,0013Y00002TRek0QAD,Other,PLATFORM,CONTRACT,cross-border,3,"€3,657","€3,476"
Mar-20,0010O00002OlNe7QAF,Other Manufacturing,PLATFORM,CONTRACT,cross-border,17,"€28,015","€25,957"
Mar-20,0010O00001tNphuQAC,Food & Beverages,MANUAL,CONTRACT,domestic,2,"€2,263","€2,117"
Mar-20,0013Y00002QBI6aQAH,Food & Beverages,PLATFORM,CONTRACT,cross-border,5,"€7,648","€7,274"
Mar-20,0013Y00002QB61KQAT,Food & Beverages,PLATFORM,SPOT,cross-border,5,"€7,910","€7,857"
Mar-20,0010O00002M14QDQAZ,Automotive & Automotive Supplier,MANUAL,CONTRACT,cross-border,4,"€4,631","€5,335"
Mar-20,0013Y00002XeeLVQAZ,Industrial materials,PLATFORM,SPOT,cross-border,1,"€1,435","€1,613"
Mar-20,0013Y00002UiF8tQAF,Other,MANUAL,SPOT,domestic,1,"€1,141","€1,097"
Mar-20,0010O00002M15cyQAB,Other,PLATFORM,CONTRACT,cross-border,1,"€2,345","€2,261"
Mar-20,0010O00002BDKEeQAP,Other Manufacturing,MANUAL,CONTRACT,cross-border,33,"€29,903","€33,759"
Mar-20,0010O00002E9BbyQAF,Consumer Goods,PLATFORM,CONTRACT,domestic,22,"€20,051","€22,570"
Mar-20,0013Y00002Xczk1QAB,Food & Beverages,PLATFORM,CONTRACT,cross-border,11,"€14,545","€13,684"
Mar-20,0010O00002513hjQAA,Other Manufacturing,PLATFORM,CONTRACT,domestic,5,"€3,567","€3,572"
Mar-20,0010O00002HJMOmQAP,Other,MANUAL,SPOT,domestic,1,"€1,258","€1,088"
Mar-20,0010O00002Ol1PMQAZ,Food & Beverages,MANUAL,CONTRACT,domestic,1,"€1,436","€1,414"
Mar-20,0013Y00002Uhuf0QAB,Other Manufacturing,MANUAL,CONTRACT,cross-border,1,"€2,261","€3,200"
Mar-20,0010O00002BF1aSQAT,Consumer Goods,MANUAL,CONTRACT,domestic,280,"€139,001","€172,425"
Mar-20,0013Y00002UiF8tQAF,Other,PLATFORM,SPOT,domestic,32,"€21,470","€20,928"
Mar-20,0010O00002Bjsi2QAB,Food & Beverages,PLATFORM,CONTRACT,domestic,9,"€3,335","€3,062"
Mar-20,0010O00002Bji22QAB,Other Manufacturing,PLATFORM,CONTRACT,cross-border,3,"€6,360","€4,479"
Mar-20,0013Y00002ZJh7fQAD,Other,PLATFORM,CONTRACT,cross-border,1,"€2,329","€2,282"
Mar-20,0010O00002OlamhQAB,Food & Beverages,MANUAL,CONTRACT,cross-border,9,"€27,790","€28,481"
Mar-20,0010O00002Bii72QAB,Food & Beverages,MANUAL,CONTRACT,cross-border,2,"€3,864","€3,920"
Mar-20,0013Y00002Xg4PKQAZ,Food & Beverages,PLATFORM,CONTRACT,cross-border,4,"€4,899","€5,219"
Mar-20,0013Y00002Uhy3vQAB,Hospitality,MANUAL,CONTRACT,cross-border,6,"€8,579","€10,845"
Mar-20,0013Y00002QTtbzQAD,Food & Beverages,PLATFORM,CONTRACT,domestic,3,"€3,182","€2,812"
Mar-20,0010O00001s4Ca2QAE,Food & Beverages,PLATFORM,CONTRACT,cross-border,4,"€1,845",€893
Mar-20,0010O00002BDKEeQAP,Other Manufacturing,PLATFORM,CONTRACT,cross-border,13,"€12,727","€13,786"
Mar-20,0010O00002OlamhQAB,Food & Beverages,PLATFORM,CONTRACT,cross-border,10,"€28,490","€31,833"
Mar-20,0010O00001t5UnpQAE,Industrial materials,PLATFORM,CONTRACT,cross-border,31,"€28,190","€28,894"
Mar-20,0010O00002NCnefQAD,Other Manufacturing,PLATFORM,SPOT,cross-border,2,"€2,710","€2,704"
Mar-20,0013Y00002ZKptqQAD,Other,PLATFORM,SPOT,cross-border,11,"€11,167","€10,799"
Mar-20,0013Y00002ZJJowQAH,Automotive & Automotive Supplier,PLATFORM,CONTRACT,domestic,1,€709,€866
Mar-20,0013Y00002TQidMQAT,Other,PLATFORM,SPOT,domestic,1,€776,€759
Mar-20,0013Y00002Uij1aQAB,Industrial materials,PLATFORM,SPOT,domestic,4,"€4,071","€3,778"
Mar-20,0010O00002OThqTQAT,Food & Beverages,PLATFORM,CONTRACT,cross-border,1,€682,€653
Mar-20,0013Y00002UiKruQAF,Other Manufacturing,MANUAL,CONTRACT,domestic,4,"€1,075","€1,037"
Mar-20,0013Y00002TQgt4QAD,Other,PLATFORM,SPOT,cross-border,1,€887,€967
Mar-20,0010O00002NbqBUQAZ,Food & Beverages,MANUAL,CONTRACT,cross-border,1,€686,€560
Mar-20,0010O00002BjhzcQAB,Food & Beverages,PLATFORM,SPOT,cross-border,5,"€4,894","€4,154"
Mar-20,0013Y00002TTm2uQAD,Hospitality,PLATFORM,SPOT,cross-border,3,"€2,153","€2,074"
Mar-20,0010O00002BF1aSQAT,Consumer Goods,MANUAL,CONTRACT,cross-border,50,"€28,605","€30,390"
Mar-20,0010O00002NR9tXQAT,Industrial materials,PLATFORM,CONTRACT,cross-border,4,"€4,253","€4,320"
Mar-20,0013Y00002ZKpuFQAT,Industrial materials,PLATFORM,SPOT,cross-border,2,"€2,933","€2,875"
Mar-20,0010O00002BjjIYQAZ,Hospitality,PLATFORM,CONTRACT,domestic,15,"€9,563","€9,512"
Mar-20,0010O00001t5UnpQAE,Industrial materials,MANUAL,CONTRACT,cross-border,4,"€4,221","€4,313"
Mar-20,0010O000026Oz15QAC,Industrial materials,PLATFORM,SPOT,domestic,5,"€3,402","€3,094"
Mar-20,0010O00002EBVarQAH,Other Manufacturing,PLATFORM,CONTRACT,cross-border,2,"€6,028","€6,521"
Mar-20,0013Y00002TQj9xQAD,Industrial materials,PLATFORM,CONTRACT,cross-border,7,"€11,603","€13,167"
Mar-20,0013Y00002TSXBzQAP,Industrial materials,PLATFORM,CONTRACT,cross-border,20,"€30,662","€32,794"
Mar-20,0010O00002BjhzcQAB,Food & Beverages,MANUAL,CONTRACT,cross-border,32,"€26,453","€25,159"
Mar-20,0013Y00002ZJOodQAH,Other Manufacturing,PLATFORM,CONTRACT,cross-border,23,"€25,668","€25,685"
Mar-20,0013Y00002QU6ymQAD,Food & Beverages,PLATFORM,CONTRACT,cross-border,2,"€5,308","€5,088"
Mar-20,0010O00001s4YxuQAE,Industrial materials,MANUAL,CONTRACT,cross-border,5,"€4,838","€5,106"
Mar-20,0010O00001vnJ6rQAE,Other Manufacturing,MANUAL,CONTRACT,domestic,2,"€3,371","€2,433"
Mar-20,0013Y00002QU6ymQAD,Food & Beverages,PLATFORM,SPOT,cross-border,2,"€5,308","€5,088"
Mar-20,0013Y00002ZKs2LQAT,Other Manufacturing,PLATFORM,SPOT,cross-border,1,"€2,176","€1,920"
Mar-20,0013Y00002ZLGdjQAH,Hospitality,PLATFORM,SPOT,domestic,1,"€1,341","€1,312"
Mar-20,0010O00002NS7gnQAD,Other Manufacturing,PLATFORM,CONTRACT,cross-border,1,€774,€671
Mar-20,0010O00002E9BbyQAF,Consumer Goods,MANUAL,CONTRACT,cross-border,16,"€25,931","€28,269"
Mar-20,0013Y00002TRPIwQAP,Other Manufacturing,PLATFORM,CONTRACT,domestic,4,"€2,110","€2,474"
Mar-20,0010O00002NCnefQAD,Other Manufacturing,PLATFORM,CONTRACT,cross-border,21,"€41,129","€39,707"
Mar-20,0013Y00002Ujvb5QAB,Other,MANUAL,CONTRACT,cross-border,1,"€2,533","€2,422"
Mar-20,0013Y00002TTm2uQAD,Hospitality,PLATFORM,CONTRACT,cross-border,2,"€1,096","€1,876"
Mar-20,0013Y00002TQgt4QAD,Other,MANUAL,CONTRACT,domestic,1,€345,€341
Mar-20,0013Y00002QB7nuQAD,Other Manufacturing,PLATFORM,CONTRACT,cross-border,1,"€1,290","€1,398"
Apr-20,0010O00002Lyi5tQAB,Other,MANUAL,CONTRACT,domestic,7,"€3,629","€3,216"
Apr-20,0010O00002E9BbyQAF,Consumer Goods,MANUAL,CONTRACT,cross-border,12,"€27,368","€26,149"
Apr-20,0010O00002BiiIUQAZ,Food & Beverages,PLATFORM,CONTRACT,cross-border,10,"€5,119","€4,988"
Apr-20,0010O00002Bjh0kQAB,Food & Beverages,PLATFORM,CONTRACT,cross-border,11,"€17,302","€17,174"
Apr-20,0010O00001vmYzfQAE,Food & Beverages,MANUAL,SPOT,domestic,10,"€4,312","€3,835"
Apr-20,0013Y00002ZKpuFQAT,Industrial materials,PLATFORM,SPOT,cross-border,10,"€13,110","€13,012"
Apr-20,0010O00002Bji22QAB,Other Manufacturing,PLATFORM,CONTRACT,domestic,16,"€11,296","€10,547"
Apr-20,0010O00001vnJ6rQAE,Other Manufacturing,MANUAL,SPOT,domestic,1,"€1,685","€1,216"
Apr-20,0013Y00002Xczk1QAB,Food & Beverages,MANUAL,CONTRACT,cross-border,5,"€6,611","€6,227"
Apr-20,0010O00002HJMOmQAP,Other,MANUAL,SPOT,domestic,2,"€1,224","€1,190"
Apr-20,0013Y00002ZLTK2QAP,Hospitality,PLATFORM,SPOT,domestic,1,€390,€313
Apr-20,0013Y00002TSbtdQAD,Other,PLATFORM,CONTRACT,cross-border,1,"€1,227","€1,334"
Apr-20,0013Y00002TQj9xQAD,Industrial materials,PLATFORM,CONTRACT,cross-border,4,"€6,532","€6,225"
Apr-20,0010O00002OkbDVQAZ,Other Manufacturing,PLATFORM,CONTRACT,cross-border,24,"€66,664","€64,181"
Apr-20,0013Y00002ZJHX0QAP,Hospitality,PLATFORM,CONTRACT,domestic,39,"€57,534","€55,803"
Apr-20,0013Y00002TSXBzQAP,Industrial materials,PLATFORM,CONTRACT,domestic,1,€411,€400
Apr-20,0010O00002BDKEoQAP,Food & Beverages,PLATFORM,CONTRACT,cross-border,13,"€11,737","€10,109"
Apr-20,0013Y00002UiKruQAF,Other Manufacturing,PLATFORM,CONTRACT,domestic,17,"€5,913","€5,825"
Apr-20,0010O00002BF1aSQAT,Consumer Goods,MANUAL,CONTRACT,cross-border,7,"€3,145","€2,740"
Apr-20,0010O00002HJMOmQAP,Other,PLATFORM,SPOT,domestic,25,"€20,772","€17,833"
Apr-20,0013Y00002ZLcrUQAT,Other,PLATFORM,SPOT,cross-border,1,"€3,608","€3,608"
Apr-20,0013Y00002ZLTQ9QAP,Hospitality,PLATFORM,SPOT,cross-border,1,€656,€542
Apr-20,0010O00001vnJ6rQAE,Other Manufacturing,PLATFORM,CONTRACT,domestic,2,"€3,128","€2,711"
Apr-20,0013Y00002TRek0QAD,Other,PLATFORM,SPOT,cross-border,1,€966,€876
Apr-20,0013Y00002ZKTtnQAH,Food & Beverages,MANUAL,CONTRACT,cross-border,1,"€1,264","€1,339"
Apr-20,0010O00002513hjQAA,Other Manufacturing,PLATFORM,CONTRACT,cross-border,1,€482,€277
Apr-20,0013Y00002TQj9xQAD,Industrial materials,MANUAL,CONTRACT,cross-border,1,"€1,437","€1,423"
Apr-20,0010O00002Bii72QAB,Food & Beverages,PLATFORM,CONTRACT,domestic,2,"€1,106",€812
Apr-20,0010O00002BF1aSQAT,Consumer Goods,MANUAL,CONTRACT,domestic,13,"€6,741","€6,125"
Apr-20,0010O000027qh02QAA,Food & Beverages,PLATFORM,SPOT,cross-border,1,"€1,304",€838
Apr-20,0013Y00002TRVgmQAH,Other Manufacturing,PLATFORM,CONTRACT,cross-border,4,"€4,555","€4,487"
Apr-20,0013Y00002ZLTdjQAH,Other,MANUAL,CONTRACT,domestic,2,"€1,337","€1,248"
Apr-20,0013Y00002ZL1ctQAD,Industrial materials,PLATFORM,SPOT,cross-border,2,"€4,539","€4,539"
Apr-20,0013Y00002TQgt4QAD,Other,PLATFORM,CONTRACT,cross-border,3,"€3,168","€3,413"
Apr-20,0013Y00002TRVgmQAH,Other Manufacturing,MANUAL,CONTRACT,cross-border,1,"€1,284","€1,199"
Apr-20,0013Y00002TQpkUQAT,Industrial materials,MANUAL,CONTRACT,domestic,1,€624,€409
Apr-20,0010O00001s4CbjQAE,Other Manufacturing,PLATFORM,CONTRACT,cross-border,35,"€38,569","€34,866"
Apr-20,0010O00002BjhzcQAB,Food & Beverages,MANUAL,CONTRACT,cross-border,26,"€15,660","€13,572"
Apr-20,0013Y00002ZJ7kCQAT,Other,PLATFORM,SPOT,cross-border,3,"€10,294","€10,522"
Apr-20,0013Y00002Uhy3vQAB,Hospitality,PLATFORM,CONTRACT,cross-border,3,"€4,746","€4,592"
Apr-20,0010O00002Bjsi2QAB,Food & Beverages,PLATFORM,CONTRACT,domestic,14,"€10,228","€10,412"
Apr-20,0013Y00002QB7oOQAT,Other,MANUAL,CONTRACT,domestic,3,€740,€810
Apr-20,0013Y00002ZIp7IQAT,Industrial materials,PLATFORM,CONTRACT,cross-border,1,"€1,022","€1,022"
Apr-20,0010O00001s4CbjQAE,Other Manufacturing,MANUAL,CONTRACT,cross-border,1,"€1,031",€863
Apr-20,0010O00002BF1aSQAT,Consumer Goods,PLATFORM,CONTRACT,domestic,139,"€66,715","€57,485"
Apr-20,0010O00002PxdilQAB,Other,PLATFORM,CONTRACT,domestic,45,"€37,260","€29,471"
Apr-20,0010O00002BF1aSQAT,Consumer Goods,PLATFORM,CONTRACT,cross-border,43,"€22,300","€17,575"
Apr-20,0013Y00002ZKptqQAD,Other,PLATFORM,SPOT,cross-border,28,"€26,364","€20,976"
Apr-20,0010O00002BjhzcQAB,Food & Beverages,PLATFORM,SPOT,domestic,1,"€1,305","€1,055"
Apr-20,0010O00001t5UnpQAE,Industrial materials,MANUAL,CONTRACT,cross-border,4,"€3,350","€3,367"
Apr-20,0010O00002BjsojQAB,Consumer Goods,PLATFORM,CONTRACT,cross-border,6,"€11,700","€12,884"
Apr-20,0010O00002M15cyQAB,Other,PLATFORM,CONTRACT,cross-border,4,"€7,605","€7,487"
Apr-20,0013Y00002ZLH5qQAH,Other Manufacturing,PLATFORM,SPOT,cross-border,4,"€6,838","€6,760"
Apr-20,0013Y00002TQpkUQAT,Industrial materials,PLATFORM,CONTRACT,cross-border,1,"€2,795","€2,688"
Apr-20,0013Y00002ZM8aYQAT,Industrial materials,PLATFORM,SPOT,domestic,2,€670,€586
Apr-20,0013Y00002QTtbLQAT,Food & Beverages,PLATFORM,SPOT,domestic,1,€213,€159
Apr-20,0013Y00002QTtbzQAD,Food & Beverages,PLATFORM,CONTRACT,cross-border,1,"€1,332","€1,258"
Apr-20,0010O00001vmYzfQAE,Food & Beverages,PLATFORM,CONTRACT,domestic,163,"€97,855","€87,429"
Apr-20,0013Y00002ZJA6vQAH,Consumer Goods,PLATFORM,CONTRACT,domestic,4,"€3,510","€2,852"
Apr-20,0010O00002Nn7a3QAB,Other Manufacturing,MANUAL,CONTRACT,domestic,44,"€36,251","€35,581"
Apr-20,0010O00002E9BbyQAF,Consumer Goods,PLATFORM,CONTRACT,domestic,14,"€12,324","€12,875"
Apr-20,0013Y00002QB7oOQAT,Other,PLATFORM,CONTRACT,domestic,7,"€1,727","€1,894"
Apr-20,0010O00002N1CsbQAF,Food & Beverages,PLATFORM,CONTRACT,cross-border,15,"€26,711","€24,775"
Apr-20,0013Y00002QBEnwQAH,Other Manufacturing,PLATFORM,SPOT,cross-border,1,"€4,046","€3,949"
Apr-20,0010O00002Bjsi2QAB,Food & Beverages,MANUAL,CONTRACT,domestic,6,"€3,062","€2,876"
Apr-20,0010O00002Bji22QAB,Other Manufacturing,MANUAL,CONTRACT,domestic,2,"€1,405","€1,325"
Apr-20,0013Y00002ZLTdjQAH,Other,PLATFORM,CONTRACT,domestic,2,"€1,020",€636
Apr-20,0013Y00002TR04EQAT,Food & Beverages,PLATFORM,SPOT,cross-border,1,€600,€528
Apr-20,0013Y00002XcFnjQAF,Food & Beverages,PLATFORM,CONTRACT,cross-border,2,"€1,848","€1,691"
Apr-20,0010O00002NR9tXQAT,Industrial materials,PLATFORM,CONTRACT,cross-border,36,"€44,601","€39,015"
Apr-20,0010O00002CqEwnQAF,Other Manufacturing,PLATFORM,CONTRACT,cross-border,48,"€45,630","€37,004"
Apr-20,0013Y00002ZLTdjQAH,Other,PLATFORM,CONTRACT,cross-border,7,"€9,240","€6,648"
Apr-20,0010O00001s4YxuQAE,Industrial materials,PLATFORM,CONTRACT,cross-border,6,"€4,128","€2,881"
Apr-20,0010O00002NCnefQAD,Other Manufacturing,PLATFORM,CONTRACT,cross-border,4,"€7,699","€6,463"
Apr-20,0010O00002Bji22QAB,Other Manufacturing,PLATFORM,SPOT,domestic,8,"€5,890","€5,201"
Apr-20,0010O00002HJMOmQAP,Other,PLATFORM,SPOT,cross-border,2,"€5,508","€5,270"
Apr-20,0013Y00002TQgt4QAD,Other,PLATFORM,CONTRACT,domestic,7,"€2,662","€2,622"
Apr-20,0010O00002OlNe7QAF,Other Manufacturing,PLATFORM,CONTRACT,cross-border,2,"€3,308","€3,005"
Apr-20,0013Y00002QBEnwQAH,Other Manufacturing,PLATFORM,CONTRACT,cross-border,2,"€4,193","€4,388"
Apr-20,0010O00002Bji22QAB,Other Manufacturing,MANUAL,SPOT,domestic,1,€755,€709
Apr-20,0010O00001vQ9tsQAC,Hospitality,PLATFORM,CONTRACT,domestic,4,"€5,652","€5,652"
Apr-20,0013Y00002Uij1aQAB,Industrial materials,PLATFORM,SPOT,domestic,5,"€5,158","€4,123"
Apr-20,0010O00002N1IzrQAF,Food & Beverages,PLATFORM,CONTRACT,cross-border,2,"€2,373","€1,843"
Apr-20,0010O00002HJMOmQAP,Other,MANUAL,CONTRACT,cross-border,1,€910,"€1,139"
Apr-20,0013Y00002QTtbLQAT,Food & Beverages,PLATFORM,CONTRACT,domestic,51,"€24,719","€23,843"
Apr-20,0010O00002CqEwnQAF,Other Manufacturing,MANUAL,CONTRACT,cross-border,5,"€5,009","€3,827"
Apr-20,0010O00001vmYzfQAE,Food & Beverages,MANUAL,CONTRACT,domestic,408,"€238,227","€209,696"
Apr-20,0013Y00002QU6ymQAD,Food & Beverages,MANUAL,CONTRACT,domestic,2,"€1,018",€866
Apr-20,0013Y00002ZKpuFQAT,Industrial materials,MANUAL,SPOT,cross-border,1,"€1,265","€1,208"
Apr-20,0010O00002Bii72QAB,Food & Beverages,MANUAL,CONTRACT,domestic,20,"€10,178","€8,190"
Apr-20,0010O00001tNphuQAC,Food & Beverages,PLATFORM,CONTRACT,domestic,8,"€9,026","€8,231"
Apr-20,0013Y00002ZLPYeQAP,Other,PLATFORM,CONTRACT,domestic,7,"€5,689","€5,270"
Apr-20,0013Y00002Uhuf0QAB,Other Manufacturing,PLATFORM,CONTRACT,cross-border,1,"€1,729","€1,496"
Apr-20,0010O00002M1C8rQAF,Industrial materials,PLATFORM,CONTRACT,cross-border,1,"€1,637","€1,467"
Apr-20,0013Y00002ZKMSvQAP,Other Manufacturing,PLATFORM,SPOT,cross-border,2,"€2,664","€2,697"
Apr-20,0013Y00002UhVtyQAF,Food & Beverages,PLATFORM,CONTRACT,cross-border,3,"€12,675","€11,700"
Apr-20,0010O00001uebf6QAA,Other Manufacturing,PLATFORM,CONTRACT,cross-border,59,"€41,224","€39,848"
Apr-20,0010O00001uebf6QAA,Other Manufacturing,PLATFORM,CONTRACT,domestic,26,"€24,032","€21,590"
Apr-20,0013Y00002QTtbLQAT,Food & Beverages,MANUAL,CONTRACT,domestic,8,"€3,193","€3,177"
Apr-20,0013Y00002ZJOodQAH,Other Manufacturing,PLATFORM,CONTRACT,cross-border,6,"€6,807","€5,424"
Apr-20,0013Y00002UjLn1QAF,Industrial materials,PLATFORM,CONTRACT,cross-border,17,"€8,948","€10,961"
Apr-20,0010O00002OlamhQAB,Food & Beverages,PLATFORM,CONTRACT,cross-border,7,"€20,475","€20,213"
Apr-20,0010O00001s4CbjQAE,Other Manufacturing,PLATFORM,SPOT,cross-border,2,"€2,063","€1,688"
Apr-20,0013Y00002ZK6miQAD,Hospitality,PLATFORM,SPOT,cross-border,2,"€3,797","€3,628"
Apr-20,0010O00002M15cyQAB,Other,PLATFORM,SPOT,cross-border,1,"€1,424","€1,323"
Apr-20,0013Y00002QB7oOQAT,Other,MANUAL,SPOT,domestic,1,€243,€270
Apr-20,0010O00002Bii72QAB,Food & Beverages,PLATFORM,CONTRACT,cross-border,1,"€1,932","€1,540"
Apr-20,0010O00002HJMOmQAP,Other,PLATFORM,CONTRACT,domestic,81,"€71,973","€58,837"
Apr-20,0010O00002Bjj9yQAB,Food & Beverages,PLATFORM,CONTRACT,domestic,8,"€5,399","€4,819"
Apr-20,0013Y00002QU6ymQAD,Food & Beverages,PLATFORM,CONTRACT,domestic,6,"€3,053","€2,778"
Apr-20,0013Y00002Xco2pQAB,Food & Beverages,PLATFORM,CONTRACT,cross-border,20,"€14,210","€12,752"
Apr-20,0010O00002BjsojQAB,Consumer Goods,MANUAL,CONTRACT,cross-border,4,"€5,581","€6,842"
Apr-20,0010O00002Bii72QAB,Food & Beverages,MANUAL,CONTRACT,cross-border,4,"€7,728","€6,650"
Apr-20,0013Y00002TSXBzQAP,Industrial materials,PLATFORM,CONTRACT,cross-border,8,"€12,843","€13,454"
Apr-20,0013Y00002QTtbLQAT,Food & Beverages,PLATFORM,CONTRACT,cross-border,1,€685,€723
Apr-20,0010O00002Bjk0yQAB,Other Manufacturing,MANUAL,CONTRACT,domestic,1,"€1,287",€947
Apr-20,0013Y00002ZM1okQAD,Hospitality,PLATFORM,CONTRACT,cross-border,1,"€2,145","€2,310"
Apr-20,0010O00002BDKEoQAP,Food & Beverages,PLATFORM,SPOT,cross-border,1,"€1,595","€1,507"
Apr-20,0013Y00002Ujvb5QAB,Other,PLATFORM,CONTRACT,cross-border,3,"€9,119","€8,203"
Apr-20,0013Y00002UjvOLQAZ,Food & Beverages,MANUAL,CONTRACT,cross-border,1,"€1,588","€2,118"
Apr-20,0013Y00002QU2cRQAT,Other Manufacturing,PLATFORM,SPOT,cross-border,1,"€1,190","€1,120"
Apr-20,0010O00002BjhzcQAB,Food & Beverages,MANUAL,CONTRACT,domestic,286,"€306,906","€261,548"
Apr-20,0013Y00002Xczk1QAB,Food & Beverages,PLATFORM,CONTRACT,cross-border,6,"€7,934","€6,750"
Apr-20,0013Y00002QTtbzQAD,Food & Beverages,MANUAL,CONTRACT,domestic,5,"€3,700","€4,126"
Apr-20,0013Y00002ZLTdjQAH,Other,MANUAL,CONTRACT,cross-border,3,"€3,492","€2,424"
Apr-20,0010O00002BDKEeQAP,Other Manufacturing,MANUAL,CONTRACT,cross-border,19,"€17,727","€17,091"
Apr-20,0013Y00002ZKTtnQAH,Food & Beverages,PLATFORM,CONTRACT,cross-border,19,"€24,544","€25,109"
Apr-20,0010O00001tNphuQAC,Food & Beverages,MANUAL,CONTRACT,domestic,17,"€18,661","€18,086"
Apr-20,0013Y00002TRek0QAD,Other,PLATFORM,CONTRACT,cross-border,5,"€5,086","€4,648"
Apr-20,0010O00002Ol1PMQAZ,Food & Beverages,PLATFORM,CONTRACT,domestic,8,"€10,070","€9,266"
Apr-20,0010O00002513hjQAA,Other Manufacturing,PLATFORM,SPOT,domestic,1,€677,€513
Apr-20,0010O000026Oz15QAC,Industrial materials,PLATFORM,SPOT,domestic,4,"€2,670","€1,828"
Apr-20,0013Y00002QB7nuQAD,Other Manufacturing,PLATFORM,SPOT,cross-border,4,"€5,579","€4,730"
Apr-20,0010O00002NEH41QAH,Other Manufacturing,PLATFORM,CONTRACT,domestic,1,€786,€753
Apr-20,0013Y00002QTtbzQAD,Food & Beverages,MANUAL,CONTRACT,cross-border,1,"€1,332","€1,295"
Apr-20,0010O00001uebf6QAA,Other Manufacturing,MANUAL,CONTRACT,cross-border,4,"€2,752","€2,688"
Apr-20,0013Y00002UjLn1QAF,Industrial materials,MANUAL,CONTRACT,cross-border,5,"€2,304","€2,480"
Apr-20,0010O00002CqI42QAF,Food & Beverages,PLATFORM,CONTRACT,cross-border,2,"€3,940","€3,798"
Apr-20,0013Y00002UiKruQAF,Other Manufacturing,MANUAL,CONTRACT,domestic,1,€403,€398
Apr-20,0010O00002HJMOmQAP,Other,PLATFORM,CONTRACT,cross-border,1,"€1,360","€1,275"
Apr-20,0010O00002BjhzcQAB,Food & Beverages,PLATFORM,CONTRACT,cross-border,55,"€31,902","€27,726"
Apr-20,0010O00002E8rylQAB,Food & Beverages,PLATFORM,CONTRACT,cross-border,9,"€18,996","€17,680"
Apr-20,0010O000026Oz15QAC,Industrial materials,PLATFORM,SPOT,cross-border,3,"€2,567","€1,955"
Apr-20,0010O00001t5UnpQAE,Industrial materials,PLATFORM,CONTRACT,cross-border,21,"€20,184","€19,799"
Apr-20,0010O00002IfhmrQAB,Hospitality,PLATFORM,CONTRACT,domestic,2,"€1,330",€872
Apr-20,0010O00001vnJ6rQAE,Other Manufacturing,PLATFORM,SPOT,domestic,4,"€6,516","€5,838"
Apr-20,0010O00002LDj2dQAD,Food & Beverages,PLATFORM,CONTRACT,cross-border,1,"€2,519","€2,172"
Apr-20,0010O00002PhQnbQAF,Hospitality,PLATFORM,SPOT,domestic,2,"€2,046","€2,058"
Apr-20,0010O00001uebf6QAA,Other Manufacturing,MANUAL,CONTRACT,domestic,1,€736,€672
Apr-20,0013Y00002ZJJowQAH,Automotive & Automotive Supplier,MANUAL,CONTRACT,domestic,3,"€1,890","€1,339"
Apr-20,0010O00002NbqBUQAZ,Food & Beverages,PLATFORM,SPOT,cross-border,3,"€1,750","€1,330"
Apr-20,0010O00002Nn7a3QAB,Other Manufacturing,PLATFORM,CONTRACT,domestic,105,"€83,974","€77,968"
Apr-20,0010O00002E9BbyQAF,Consumer Goods,PLATFORM,CONTRACT,cross-border,187,"€359,896","€338,366"
Apr-20,0010O00002NbqBUQAZ,Food & Beverages,PLATFORM,CONTRACT,cross-border,9,"€7,728","€5,866"
Apr-20,0013Y00002ZKzbQQAT,Food & Beverages,PLATFORM,SPOT,cross-border,3,"€5,324","€5,145"
Apr-20,0010O00002BDKEeQAP,Other Manufacturing,PLATFORM,CONTRACT,cross-border,2,"€1,554","€1,540"
Apr-20,0010O00002E9BbyQAF,Consumer Goods,MANUAL,CONTRACT,domestic,1,€877,€904
Apr-20,0013Y00002TTm2uQAD,Hospitality,PLATFORM,SPOT,cross-border,5,"€4,093","€4,019"
Apr-20,0010O00002N1CsbQAF,Food & Beverages,PLATFORM,SPOT,cross-border,1,"€1,497","€1,422"
Apr-20,0013Y00002QB61KQAT,Food & Beverages,PLATFORM,SPOT,cross-border,2,"€3,625","€3,041"
Apr-20,0010O00002OTkjxQAD,Industrial materials,PLATFORM,CONTRACT,cross-border,15,"€7,621","€6,914"
Apr-20,0010O00002BjhzcQAB,Food & Beverages,PLATFORM,CONTRACT,domestic,158,"€172,327","€149,618"
Apr-20,0010O00002513hjQAA,Other Manufacturing,PLATFORM,CONTRACT,domestic,1,€656,€564
Apr-20,0010O00002BjhzcQAB,Food & Beverages,MANUAL,SPOT,domestic,5,"€4,774","€4,220"
Apr-20,0013Y00002ZIol5QAD,Food & Beverages,PLATFORM,SPOT,cross-border,6,"€7,791","€7,500"
Apr-20,0013Y00002Uhy3vQAB,Hospitality,MANUAL,CONTRACT,cross-border,4,"€6,037","€5,843"
Apr-20,0013Y00002Ui346QAB,Hospitality,PLATFORM,CONTRACT,domestic,15,"€12,548","€11,215"
Apr-20,0010O00002Lyi5tQAB,Other,PLATFORM,CONTRACT,domestic,4,"€1,903","€1,706"
Apr-20,0013Y00002QBI6aQAH,Food & Beverages,PLATFORM,CONTRACT,cross-border,3,"€4,983","€4,584"
Apr-20,0010O00002513hjQAA,Other Manufacturing,MANUAL,CONTRACT,domestic,1,€841,€800
Apr-20,0010O00002OTkjxQAD,Industrial materials,MANUAL,CONTRACT,cross-border,1,€467,€445
May-20,0010O00002HJMOmQAP,Other,PLATFORM,CONTRACT,domestic,76,"€69,318","€57,001"
May-20,0010O00002NR9tXQAT,Industrial materials,PLATFORM,CONTRACT,cross-border,29,"€39,066","€35,286"
May-20,0010O00002NCnefQAD,Other Manufacturing,PLATFORM,CONTRACT,cross-border,52,"€77,130","€71,302"
May-20,0010O00001vQ9tsQAC,Hospitality,MANUAL,CONTRACT,domestic,2,"€2,826","€2,794"
May-20,0013Y00002ZKpuFQAT,Industrial materials,PLATFORM,SPOT,cross-border,4,"€6,647","€6,590"
May-20,0013Y00002ZKPzuQAH,Other Manufacturing,MANUAL,CONTRACT,cross-border,2,"€2,948","€3,616"
May-20,0010O00002513hjQAA,Other Manufacturing,PLATFORM,SPOT,domestic,2,"€1,517","€1,184"
May-20,0013Y00002TSbtdQAD,Other,PLATFORM,CONTRACT,cross-border,2,"€2,454","€2,668"
May-20,0013Y00002QU2cRQAT,Other Manufacturing,PLATFORM,SPOT,cross-border,3,"€4,592","€3,948"
May-20,0013Y00002QU6ymQAD,Food & Beverages,MANUAL,CONTRACT,domestic,1,€509,€413
May-20,0013Y00002UjLn1QAF,Industrial materials,PLATFORM,CONTRACT,cross-border,16,"€7,906","€9,033"
May-20,0010O00002Bji22QAB,Other Manufacturing,PLATFORM,CONTRACT,domestic,11,"€7,725","€7,288"
May-20,0013Y00002ZJJowQAH,Automotive & Automotive Supplier,PLATFORM,CONTRACT,domestic,2,"€1,594","€1,244"
May-20,0013Y00002Xco2pQAB,Food & Beverages,PLATFORM,CONTRACT,cross-border,10,"€7,105","€6,150"
May-20,0013Y00002ZKMSvQAP,Other Manufacturing,PLATFORM,SPOT,cross-border,3,"€3,915","€3,926"
May-20,0010O00002Bjk0yQAB,Other Manufacturing,PLATFORM,SPOT,domestic,2,"€2,574","€2,145"
May-20,0010O00002Bk2m6QAB,Consumer Goods,PLATFORM,CONTRACT,cross-border,4,"€3,000","€2,860"
May-20,0010O00002513hjQAA,Other Manufacturing,PLATFORM,CONTRACT,domestic,1,€677,€513
May-20,0013Y00002ZMi4UQAT,Hospitality,PLATFORM,SPOT,cross-border,1,€553,€731
May-20,0013Y00002ZLlzfQAD,Food & Beverages,MANUAL,CONTRACT,cross-border,1,"€1,994","€1,722"
May-20,0010O00002OThqTQAT,Food & Beverages,PLATFORM,CONTRACT,cross-border,1,€682,€682
May-20,0010O00002OTkjxQAD,Industrial materials,MANUAL,CONTRACT,cross-border,2,€935,€790
May-20,0010O00002NR9tXQAT,Industrial materials,MANUAL,CONTRACT,cross-border,1,"€1,013",€844
May-20,0010O00001vmYzfQAE,Food & Beverages,MANUAL,CONTRACT,domestic,427,"€250,769","€228,279"
May-20,0010O00002E9BbyQAF,Consumer Goods,PLATFORM,CONTRACT,cross-border,54,"€109,584","€116,691"
May-20,0010O00002OkvSLQAZ,Other,PLATFORM,CONTRACT,cross-border,1,"€1,546","€1,453"
May-20,0013Y00002ZKzbQQAT,Food & Beverages,PLATFORM,SPOT,cross-border,2,"€2,877","€2,856"
May-20,0013Y00002TR04EQAT,Food & Beverages,PLATFORM,SPOT,cross-border,2,€984,€832
May-20,0010O00002BjhzcQAB,Food & Beverages,PLATFORM,SPOT,cross-border,1,€511,€468
May-20,0013Y00002XcFnjQAF,Food & Beverages,PLATFORM,SPOT,cross-border,1,€897,€872
May-20,0010O00001vQ9tsQAC,Hospitality,PLATFORM,CONTRACT,domestic,3,"€4,239","€4,191"
May-20,0010O00001vnJ6rQAE,Other Manufacturing,PLATFORM,CONTRACT,domestic,6,"€9,469","€8,357"
May-20,0013Y00002ZJHX0QAP,Hospitality,PLATFORM,SPOT,cross-border,1,"€1,104","€1,069"
May-20,0013Y00002ZLTdjQAH,Other,PLATFORM,CONTRACT,cross-border,2,"€3,720","€2,880"
May-20,0013Y00002XcFnjQAF,Food & Beverages,PLATFORM,CONTRACT,cross-border,1,€897,€872
May-20,0010O00002BF1aSQAT,Consumer Goods,PLATFORM,CONTRACT,cross-border,22,"€10,190","€8,569"
May-20,0010O00002Bjk0yQAB,Other Manufacturing,PLATFORM,CONTRACT,domestic,2,"€2,574","€2,145"
May-20,0013Y00002Ui346QAB,Hospitality,PLATFORM,CONTRACT,domestic,10,"€8,925","€8,275"
May-20,0010O00002BiiIUQAZ,Food & Beverages,PLATFORM,CONTRACT,cross-border,6,"€3,071","€2,993"
May-20,0010O00002OTkjxQAD,Industrial materials,PLATFORM,CONTRACT,cross-border,17,"€7,943","€6,547"
May-20,0010O00002KB6mJQAT,Food & Beverages,PLATFORM,CONTRACT,domestic,5,"€1,746","€1,667"
May-20,0010O00002KB6mJQAT,Food & Beverages,MANUAL,CONTRACT,domestic,1,€285,€257
May-20,0010O00002N1IzrQAF,Food & Beverages,PLATFORM,CONTRACT,cross-border,2,"€2,373","€1,785"
May-20,0010O00002Bji22QAB,Other Manufacturing,MANUAL,SPOT,cross-border,1,€861,€795
May-20,0013Y00002cyX72QAE,Hospitality,PLATFORM,SPOT,domestic,1,€781,€591
May-20,0010O00002PxdilQAB,Other,MANUAL,CONTRACT,domestic,1,"€1,152",€966
May-20,0013Y00002ZLyheQAD,Food & Beverages,MANUAL,CONTRACT,domestic,1,€857,€801
May-20,0013Y00002ZL1ctQAD,Industrial materials,PLATFORM,SPOT,cross-border,1,"€1,615","€1,530"
May-20,0010O00002Nn7a3QAB,Other Manufacturing,MANUAL,CONTRACT,domestic,51,"€41,191","€38,838"
May-20,0013Y00002ZKptqQAD,Other,PLATFORM,CONTRACT,cross-border,14,"€11,592","€9,728"
May-20,0010O00002Bii72QAB,Food & Beverages,MANUAL,CONTRACT,cross-border,8,"€15,456","€12,362"
May-20,0010O00002BDKEeQAP,Other Manufacturing,MANUAL,CONTRACT,cross-border,23,"€22,261","€19,789"
May-20,0013Y00002ZJ7kCQAT,Other,PLATFORM,SPOT,cross-border,3,"€4,323","€4,129"
May-20,0010O00002BjgXAQAZ,Other,PLATFORM,CONTRACT,cross-border,1,"€2,121","€1,668"
May-20,0013Y00002Uij1aQAB,Industrial materials,PLATFORM,SPOT,domestic,3,"€3,053","€2,432"
May-20,0013Y00002ZKTtnQAH,Food & Beverages,MANUAL,CONTRACT,cross-border,1,"€1,264","€1,235"
May-20,0013Y00002TQgt4QAD,Other,PLATFORM,CONTRACT,domestic,1,€345,€341
May-20,0013Y00002TQpkUQAT,Industrial materials,PLATFORM,CONTRACT,cross-border,1,"€2,795","€2,580"
May-20,0013Y00002Xf0v2QAB,Other,MANUAL,CONTRACT,cross-border,1,"€1,117","€1,005"
May-20,0010O00002E9BbyQAF,Consumer Goods,MANUAL,CONTRACT,cross-border,15,"€35,102","€34,959"
May-20,0010O00001tNphuQAC,Food & Beverages,MANUAL,CONTRACT,domestic,28,"€30,724","€29,547"
May-20,0010O00002BjhzcQAB,Food & Beverages,MANUAL,CONTRACT,cross-border,22,"€14,964","€13,849"
May-20,0013Y00002ZKptqQAD,Other,MANUAL,SPOT,cross-border,3,"€2,634","€2,128"
May-20,0013Y00002QU6ymQAD,Food & Beverages,PLATFORM,CONTRACT,domestic,5,"€2,544","€2,269"
May-20,0013Y00002Xf0v2QAB,Other,PLATFORM,CONTRACT,cross-border,9,"€10,055","€9,092"
May-20,0010O00002HJMOmQAP,Other,MANUAL,CONTRACT,domestic,2,"€1,771","€1,445"
May-20,0013Y00002ZLcrUQAT,Other,PLATFORM,SPOT,cross-border,20,"€48,701","€47,687"
May-20,0013Y00002ZJO4xQAH,Industrial materials,PLATFORM,SPOT,cross-border,5,"€15,774","€15,739"
May-20,0013Y00002ZIol5QAD,Food & Beverages,MANUAL,SPOT,cross-border,3,"€4,002","€3,816"
May-20,0013Y00002ZJbnVQAT,Consumer Goods,PLATFORM,SPOT,cross-border,1,"€1,004",€995
May-20,0010O00001uebf6QAA,Other Manufacturing,MANUAL,CONTRACT,cross-border,4,"€2,688","€2,720"
May-20,0013Y00002TSXBzQAP,Industrial materials,PLATFORM,CONTRACT,cross-border,1,"€1,551","€1,645"
May-20,0013Y00002QTtbzQAD,Food & Beverages,MANUAL,CONTRACT,domestic,5,"€3,700","€3,800"
May-20,0010O00002BDKEoQAP,Food & Beverages,MANUAL,CONTRACT,cross-border,1,€605,€572
May-20,0010O00002OlNe7QAF,Other Manufacturing,MANUAL,SPOT,cross-border,1,"€1,654","€1,452"
May-20,0010O00002BDKEoQAP,Food & Beverages,PLATFORM,CONTRACT,cross-border,30,"€31,262","€27,337"
May-20,0010O00002BF1aSQAT,Consumer Goods,MANUAL,CONTRACT,domestic,41,"€19,948","€17,975"
May-20,0013Y00002ZJOodQAH,Other Manufacturing,PLATFORM,CONTRACT,cross-border,22,"€23,196","€21,017"
May-20,0013Y00002ZMknGQAT,Hospitality,PLATFORM,SPOT,cross-border,1,"€2,310","€1,582"
May-20,0013Y00002TTm2uQAD,Hospitality,PLATFORM,SPOT,cross-border,3,"€2,296","€2,143"
May-20,0013Y00002QTtbzQAD,Food & Beverages,PLATFORM,CONTRACT,domestic,1,€629,€796
May-20,0013Y00002bmza8QAA,Hospitality,PLATFORM,SPOT,cross-border,1,€771,€805
May-20,0010O00002CqEwnQAF,Other Manufacturing,PLATFORM,CONTRACT,cross-border,28,"€23,173","€19,980"
May-20,0010O00001t5UnpQAE,Industrial materials,MANUAL,CONTRACT,cross-border,3,"€3,116","€3,049"
May-20,0010O00002Bji22QAB,Other Manufacturing,MANUAL,CONTRACT,domestic,2,"€1,405","€1,325"
May-20,0013Y00002TQpkUQAT,Industrial materials,PLATFORM,CONTRACT,domestic,2,"€1,247",€903
May-20,0010O00002E9tVTQAZ,Other Manufacturing,PLATFORM,CONTRACT,domestic,3,"€2,971","€3,058"
May-20,0010O00002Bji22QAB,Other Manufacturing,PLATFORM,SPOT,domestic,1,€722,€702
May-20,0010O00001vnJ6rQAE,Other Manufacturing,MANUAL,CONTRACT,domestic,4,"€5,664","€5,021"
May-20,0013Y00002ZMa1XQAT,Other,PLATFORM,SPOT,domestic,1,€500,€681
May-20,0013Y00002ZMdwqQAD,Hospitality,PLATFORM,SPOT,domestic,1,€901,€933
May-20,0010O00002BjhzcQAB,Food & Beverages,PLATFORM,CONTRACT,domestic,176,"€176,623","€155,305"
May-20,0013Y00002QTtbLQAT,Food & Beverages,PLATFORM,CONTRACT,domestic,56,"€26,695","€25,601"
May-20,0013Y00002ZLTdjQAH,Other,MANUAL,CONTRACT,cross-border,6,"€8,412","€6,996"
May-20,0010O00001tNphuQAC,Food & Beverages,PLATFORM,CONTRACT,domestic,4,"€4,334","€3,924"
May-20,0010O00002BjhzcQAB,Food & Beverages,PLATFORM,SPOT,domestic,3,"€2,132","€1,794"
May-20,0013Y00002QBI6aQAH,Food & Beverages,PLATFORM,CONTRACT,cross-border,5,"€7,326","€7,274"
May-20,0013Y00002ZKpuFQAT,Industrial materials,MANUAL,SPOT,cross-border,2,"€2,887","€3,094"
May-20,0010O00002Bjj9yQAB,Food & Beverages,MANUAL,CONTRACT,domestic,3,"€2,974","€2,402"
May-20,0013Y00002ZJbnVQAT,Consumer Goods,PLATFORM,CONTRACT,cross-border,5,"€4,882","€4,663"
May-20,0010O00002NR9tXQAT,Industrial materials,PLATFORM,SPOT,cross-border,1,"€1,232","€1,013"
May-20,0010O00002M1P8nQAF,Industrial materials,MANUAL,CONTRACT,cross-border,1,"€2,703","€2,300"
May-20,0013Y00002ZMVHvQAP,Food & Beverages,MANUAL,CONTRACT,cross-border,1,"€3,009","€2,933"
May-20,0010O00002BF1aSQAT,Consumer Goods,PLATFORM,CONTRACT,domestic,55,"€27,142","€23,498"
May-20,0010O00002BjhzcQAB,Food & Beverages,MANUAL,CONTRACT,domestic,359,"€391,519","€348,868"
May-20,0010O00001vmYzfQAE,Food & Beverages,PLATFORM,CONTRACT,domestic,165,"€96,355","€87,992"
May-20,0013Y00002QTtbLQAT,Food & Beverages,PLATFORM,SPOT,domestic,1,€393,€383
May-20,0010O00002LcShoQAF,Hospitality,PLATFORM,CONTRACT,cross-border,2,"€3,717","€3,386"
May-20,0013Y00002ZJHX0QAP,Hospitality,PLATFORM,CONTRACT,domestic,39,"€56,394","€54,435"
May-20,0013Y00002Xczk1QAB,Food & Beverages,PLATFORM,CONTRACT,cross-border,9,"€11,900","€10,447"
May-20,0013Y00002UjLn1QAF,Industrial materials,MANUAL,CONTRACT,cross-border,4,"€1,867","€1,946"
May-20,0013Y00002bn9krQAA,Consumer Goods,MANUAL,CONTRACT,cross-border,1,"€2,483","€2,483"
May-20,0013Y00002ZM86bQAD,Food & Beverages,MANUAL,SPOT,cross-border,1,"€1,199","€1,243"
May-20,0010O00001uebf6QAA,Other Manufacturing,PLATFORM,CONTRACT,cross-border,119,"€80,848","€78,434"
May-20,0010O00002BF1aSQAT,Consumer Goods,MANUAL,CONTRACT,cross-border,25,"€11,910","€10,555"
May-20,0010O00002E9BbyQAF,Consumer Goods,MANUAL,CONTRACT,domestic,32,"€29,859","€28,469"
May-20,0013Y00002ZKptqQAD,Other,PLATFORM,SPOT,cross-border,32,"€27,232","€22,792"
May-20,0013Y00002QBEnwQAH,Other Manufacturing,PLATFORM,CONTRACT,cross-border,5,"€10,481","€12,553"
May-20,0013Y00002ZLg9JQAT,Hospitality,PLATFORM,SPOT,cross-border,3,"€1,823","€1,661"
May-20,0013Y00002ZJJowQAH,Automotive & Automotive Supplier,MANUAL,CONTRACT,domestic,10,"€6,458","€5,646"
May-20,0010O00002M15cyQAB,Other,PLATFORM,CONTRACT,cross-border,1,"€1,876","€1,843"
May-20,0010O00002Bii72QAB,Food & Beverages,PLATFORM,CONTRACT,domestic,2,"€1,232",€980
May-20,0013Y00002UkK9mQAF,Hospitality,PLATFORM,CONTRACT,cross-border,11,"€17,128","€15,609"
May-20,0010O00002CqEwnQAF,Other Manufacturing,MANUAL,CONTRACT,cross-border,1,€810,€675
May-20,0010O00002BjhzcQAB,Food & Beverages,PLATFORM,CONTRACT,cross-border,49,"€28,183","€25,525"
May-20,0013Y00002UjvOLQAZ,Food & Beverages,PLATFORM,CONTRACT,cross-border,15,"€23,822","€26,201"
May-20,0010O00002BjjguQAB,Food & Beverages,PLATFORM,CONTRACT,cross-border,7,"€14,631","€13,674"
May-20,0010O00002BDKEeQAP,Other Manufacturing,PLATFORM,CONTRACT,cross-border,8,"€7,924","€6,928"
May-20,0010O00002BjjguQAB,Food & Beverages,MANUAL,CONTRACT,cross-border,3,"€5,679","€5,748"
May-20,0013Y00002ZM6rEQAT,Food & Beverages,PLATFORM,SPOT,cross-border,9,"€8,262","€7,497"
May-20,0013Y00002TQgt4QAD,Other,PLATFORM,CONTRACT,cross-border,6,"€6,181","€6,501"
May-20,0013Y00002ZM8aYQAT,Industrial materials,PLATFORM,SPOT,domestic,3,€988,€905
May-20,0010O00002NbqBUQAZ,Food & Beverages,PLATFORM,CONTRACT,cross-border,8,"€6,370","€5,306"
May-20,0010O00002CqEwnQAF,Other Manufacturing,PLATFORM,SPOT,cross-border,1,€432,€270
May-20,0013Y00002Uhuf0QAB,Other Manufacturing,PLATFORM,SPOT,cross-border,1,"€2,278","€2,244"
May-20,0010O00002IfhmrQAB,Hospitality,PLATFORM,CONTRACT,domestic,1,"€1,025",€581
May-20,0010O00002OlNe7QAF,Other Manufacturing,PLATFORM,SPOT,cross-border,1,"€1,654","€1,452"
May-20,0013Y00002ZIol5QAD,Food & Beverages,PLATFORM,SPOT,cross-border,11,"€14,502","€14,390"
May-20,0013Y00002UiKruQAF,Other Manufacturing,PLATFORM,CONTRACT,domestic,26,"€10,514","€10,363"
May-20,0010O00002Bii72QAB,Food & Beverages,MANUAL,CONTRACT,domestic,13,"€6,370","€5,460"
May-20,0013Y00002UiKruQAF,Other Manufacturing,MANUAL,CONTRACT,domestic,1,€403,€398
May-20,0010O00001vmYzfQAE,Food & Beverages,MANUAL,SPOT,domestic,7,"€3,188","€2,745"
May-20,0010O00002KB6mJQAT,Food & Beverages,PLATFORM,SPOT,domestic,1,€499,€499
May-20,0013Y00002ZLTdjQAH,Other,MANUAL,CONTRACT,domestic,3,"€2,052","€2,052"
May-20,0010O00001s4CbjQAE,Other Manufacturing,PLATFORM,CONTRACT,cross-border,11,"€11,344","€9,315"
May-20,0013Y00002ZKPzuQAH,Other Manufacturing,PLATFORM,CONTRACT,cross-border,2,"€3,026","€2,982"
May-20,0013Y00002ZLlzfQAD,Food & Beverages,PLATFORM,CONTRACT,cross-border,2,"€3,988","€3,625"
May-20,0013Y00002ZK6miQAD,Hospitality,PLATFORM,CONTRACT,cross-border,4,"€7,594","€7,130"
May-20,0013Y00002QTtbLQAT,Food & Beverages,MANUAL,CONTRACT,domestic,4,"€1,684","€1,748"
May-20,0010O00002Bii72QAB,Food & Beverages,PLATFORM,CONTRACT,cross-border,1,"€1,932","€1,540"
May-20,0013Y00002bn9krQAA,Consumer Goods,PLATFORM,CONTRACT,cross-border,1,"€2,483","€2,312"
May-20,0013Y00002ZMhlEQAT,Food & Beverages,PLATFORM,SPOT,cross-border,1,€667,€606
May-20,0010O00002E9tVTQAZ,Other Manufacturing,MANUAL,CONTRACT,domestic,1,€990,"€1,025"
May-20,0010O00002Bjj9yQAB,Food & Beverages,PLATFORM,CONTRACT,domestic,22,"€20,237","€17,149"
May-20,0010O00002Nn7a3QAB,Other Manufacturing,PLATFORM,CONTRACT,domestic,70,"€56,726","€54,704"
May-20,0013Y00002QB7oOQAT,Other,MANUAL,CONTRACT,domestic,3,€736,€818
May-20,0010O00002E8rylQAB,Food & Beverages,PLATFORM,CONTRACT,cross-border,12,"€17,355","€21,304"
May-20,0010O00002OlNe7QAF,Other Manufacturing,PLATFORM,CONTRACT,cross-border,9,"€14,885","€11,804"
May-20,0013Y00002ZKTtnQAH,Food & Beverages,PLATFORM,CONTRACT,cross-border,11,"€14,473","€14,176"
May-20,0010O00002E9BbyQAF,Consumer Goods,PLATFORM,CONTRACT,domestic,66,"€63,419","€56,609"
May-20,0013Y00002ZM8aYQAT,Industrial materials,MANUAL,SPOT,domestic,1,€335,€285
May-20,0013Y00002ZLTK2QAP,Hospitality,PLATFORM,SPOT,domestic,1,€520,€715
May-20,0010O00002OlNe7QAF,Other Manufacturing,MANUAL,CONTRACT,cross-border,1,"€1,654","€1,326"
May-20,0013Y00002ZM86bQAD,Food & Beverages,PLATFORM,SPOT,cross-border,11,"€13,060","€12,658"
May-20,0010O00002BjgXAQAZ,Other,PLATFORM,SPOT,cross-border,4,"€6,054","€5,329"
May-20,0013Y00002bmo3sQAA,Hospitality,PLATFORM,SPOT,domestic,1,€495,€418
May-20,0010O000026Oz15QAC,Industrial materials,PLATFORM,SPOT,domestic,2,"€1,421","€1,097"
May-20,0010O00001s4YxuQAE,Industrial materials,PLATFORM,CONTRACT,cross-border,6,"€4,411","€3,736"
May-20,0013Y00002QB7oOQAT,Other,PLATFORM,CONTRACT,domestic,8,"€2,427","€2,565"
May-20,0010O00001t5UnpQAE,Industrial materials,PLATFORM,CONTRACT,cross-border,18,"€17,303","€17,515"
May-20,0010O00002PxdilQAB,Other,PLATFORM,CONTRACT,domestic,37,"€28,640","€23,489"
May-20,0013Y00002TRVgmQAH,Other Manufacturing,PLATFORM,CONTRACT,cross-border,10,"€11,748","€12,621"
May-20,0013Y00002Ujvb5QAB,Other,MANUAL,CONTRACT,cross-border,2,"€6,158","€4,484"
May-20,0010O00001s4YxuQAE,Industrial materials,PLATFORM,SPOT,cross-border,1,€688,€452
May-20,0013Y00002ZLcrUQAT,Other,MANUAL,SPOT,cross-border,1,"€3,315","€3,218"
May-20,0010O00002513hjQAA,Other Manufacturing,MANUAL,CONTRACT,domestic,1,€677,€533
May-20,0013Y00002UjhigQAB,Other Manufacturing,PLATFORM,CONTRACT,cross-border,2,€759,€736
May-20,0013Y00002QU6ymQAD,Food & Beverages,PLATFORM,CONTRACT,cross-border,1,€894,€660
Jun-20,0010O00002NR9tXQAT,Industrial materials,PLATFORM,CONTRACT,cross-border,43,"€64,076","€60,868"
Jun-20,0013Y00002ZKTtnQAH,Food & Beverages,PLATFORM,CONTRACT,cross-border,31,"€39,954","€40,691"
Jun-20,0010O00002BF1aSQAT,Consumer Goods,MANUAL,SPOT,domestic,6,"€2,360","€2,840"
Jun-20,0010O00002BDKEoQAP,Food & Beverages,MANUAL,CONTRACT,cross-border,10,"€8,789","€7,832"
Jun-20,0010O00002NR9tXQAT,Industrial materials,PLATFORM,SPOT,cross-border,1,"€1,350","€1,266"
Jun-20,0013Y00002QBI6aQAH,Food & Beverages,PLATFORM,CONTRACT,cross-border,2,"€2,858","€3,026"
Jun-20,0013Y00002ZLTdjQAH,Other,PLATFORM,CONTRACT,cross-border,4,"€4,548","€4,020"
Jun-20,0013Y00002ZJJowQAH,Automotive & Automotive Supplier,PLATFORM,CONTRACT,domestic,4,"€2,854","€2,615"
Jun-20,0010O00002OlNe7QAF,Other Manufacturing,MANUAL,CONTRACT,cross-border,3,"€4,962","€4,040"
Jun-20,0013Y00002ZLJsxQAH,Hospitality,PLATFORM,SPOT,cross-border,1,€442,€375
Jun-20,0013Y00002TTm2uQAD,Hospitality,MANUAL,SPOT,cross-border,1,"€2,173","€2,123"
Jun-20,0013Y00002UjLn1QAF,Industrial materials,MANUAL,CONTRACT,cross-border,3,"€1,613","€1,637"
Jun-20,0013Y00002Ujvb5QAB,Other,MANUAL,CONTRACT,cross-border,2,"€5,143","€4,844"
Jun-20,0013Y00002ZK6miQAD,Hospitality,MANUAL,CONTRACT,cross-border,1,"€1,898","€1,823"
Jun-20,0010O00002KB6mJQAT,Food & Beverages,MANUAL,CONTRACT,domestic,2,"€1,012",€969
Jun-20,0010O00001uebf6QAA,Other Manufacturing,PLATFORM,SPOT,cross-border,1,€816,€800
Jun-20,0010O00002E9BbyQAF,Consumer Goods,MANUAL,CONTRACT,domestic,35,"€33,409","€31,935"
Jun-20,0010O00001tNphuQAC,Food & Beverages,MANUAL,CONTRACT,domestic,38,"€41,081","€42,842"
Jun-20,0013Y00002Xco2pQAB,Food & Beverages,MANUAL,CONTRACT,cross-border,3,"€2,132","€2,058"
Jun-20,0013Y00002ZLyheQAD,Food & Beverages,PLATFORM,SPOT,cross-border,3,"€11,063","€11,557"
Jun-20,0010O00002BF1aSQAT,Consumer Goods,MANUAL,CONTRACT,cross-border,8,"€4,015","€3,655"
Jun-20,0013Y00002ZJOodQAH,Other Manufacturing,MANUAL,CONTRACT,cross-border,4,"€3,881","€3,630"
Jun-20,0010O00001s4CbjQAE,Other Manufacturing,PLATFORM,CONTRACT,cross-border,7,"€7,219","€6,113"
Jun-20,0013Y00002ZM6rEQAT,Food & Beverages,PLATFORM,SPOT,cross-border,8,"€8,759","€7,888"
Jun-20,0010O00002NCnefQAD,Other Manufacturing,MANUAL,CONTRACT,cross-border,7,"€14,354","€14,227"
Jun-20,0013Y00002bmza8QAA,Hospitality,PLATFORM,SPOT,domestic,1,"€1,850","€1,464"
Jun-20,0010O00002Bii72QAB,Food & Beverages,PLATFORM,CONTRACT,domestic,2,€980,"€1,260"
Jun-20,0013Y00002ZKzbQQAT,Food & Beverages,MANUAL,SPOT,cross-border,1,"€2,069","€2,310"
Jun-20,0013Y00002TQpkUQAT,Industrial materials,PLATFORM,CONTRACT,domestic,1,€430,€430
Jun-20,0010O00002NR9tXQAT,Industrial materials,MANUAL,SPOT,cross-border,1,"€1,350","€1,434"
Jun-20,0010O00002Nn7a3QAB,Other Manufacturing,MANUAL,CONTRACT,domestic,44,"€30,745","€31,746"
Jun-20,0010O00001vmYzfQAE,Food & Beverages,MANUAL,CONTRACT,domestic,432,"€250,186","€255,285"
Jun-20,0010O00002E9BbyQAF,Consumer Goods,PLATFORM,CONTRACT,domestic,77,"€74,187","€71,286"
Jun-20,0010O00002OlNe7QAF,Other Manufacturing,PLATFORM,CONTRACT,cross-border,16,"€26,462","€21,463"
Jun-20,0013Y00002UjLn1QAF,Industrial materials,PLATFORM,CONTRACT,cross-border,9,"€4,886","€5,256"
Jun-20,0013Y00002TQgt4QAD,Other,PLATFORM,SPOT,domestic,2,€671,€660
Jun-20,0013Y00002QB7oOQAT,Other,MANUAL,CONTRACT,domestic,12,"€3,636","€3,856"
Jun-20,0010O00002CqEwnQAF,Other Manufacturing,PLATFORM,CONTRACT,cross-border,5,"€3,821","€3,402"
Jun-20,0013Y00002QTtbLQAT,Food & Beverages,MANUAL,CONTRACT,domestic,6,"€3,007","€2,986"
Jun-20,0010O00001vmYzfQAE,Food & Beverages,MANUAL,SPOT,domestic,4,"€2,098","€2,042"
Jun-20,0013Y00002Uij1aQAB,Industrial materials,PLATFORM,SPOT,domestic,11,"€11,627","€10,557"
Jun-20,0010O00001t5UnpQAE,Industrial materials,MANUAL,CONTRACT,cross-border,9,"€8,258","€8,543"
Jun-20,0010O00002NbqBUQAZ,Food & Beverages,PLATFORM,CONTRACT,cross-border,6,"€4,088","€3,633"
Jun-20,0013Y00002ZKMR4QAP,Industrial materials,PLATFORM,SPOT,cross-border,1,"€1,015","€1,312"
Jun-20,0010O00002Bji22QAB,Other Manufacturing,MANUAL,CONTRACT,domestic,11,"€7,725","€7,288"
Jun-20,0013Y00002TQgt4QAD,Other,PLATFORM,CONTRACT,cross-border,1,"€1,031","€1,024"
Jun-20,0013Y00002cyt54QAA,Other,MANUAL,SPOT,cross-border,1,€893,€746
Jun-20,0010O00002513hjQAA,Other Manufacturing,PLATFORM,CONTRACT,domestic,2,"€1,517","€1,384"
Jun-20,0013Y00002ZKPx1QAH,Other Manufacturing,MANUAL,SPOT,cross-border,1,"€2,309","€1,939"
Jun-20,0013Y00002ZM8jJQAT,Automotive & Automotive Supplier,MANUAL,SPOT,cross-border,1,€384,€371
Jun-20,0010O00002BF1aSQAT,Consumer Goods,MANUAL,CONTRACT,domestic,36,"€17,726","€18,190"
Jun-20,0010O00002Bjj9yQAB,Food & Beverages,PLATFORM,CONTRACT,domestic,30,"€29,509","€26,512"
Jun-20,0013Y00002QTtbLQAT,Food & Beverages,PLATFORM,CONTRACT,domestic,58,"€27,509","€26,978"
Jun-20,0013Y00002ZMdciQAD,Other,PLATFORM,CONTRACT,domestic,1,€568,€631
Jun-20,0013Y00002ZM8aYQAT,Industrial materials,PLATFORM,SPOT,domestic,7,"€2,345","€2,044"
Jun-20,0010O00002NCnefQAD,Other Manufacturing,PLATFORM,CONTRACT,cross-border,13,"€21,581","€21,036"
Jun-20,0010O000026Oz15QAC,Industrial materials,MANUAL,SPOT,domestic,2,"€1,433","€1,172"
Jun-20,0013Y00002Xco2pQAB,Food & Beverages,PLATFORM,CONTRACT,cross-border,9,"€6,395","€6,088"
Jun-20,0010O00002BF1aSQAT,Consumer Goods,PLATFORM,SPOT,cross-border,3,"€2,400","€2,198"
Jun-20,0013Y00002ZLTdjQAH,Other,PLATFORM,CONTRACT,domestic,3,"€2,087","€2,256"
Jun-20,0013Y00002ZKs9UQAT,Food & Beverages,PLATFORM,SPOT,cross-border,3,"€3,185","€2,754"
Jun-20,0013Y00002QU6ymQAD,Food & Beverages,PLATFORM,CONTRACT,cross-border,2,"€7,700","€6,050"
Jun-20,0013Y00002ZMVHvQAP,Food & Beverages,MANUAL,SPOT,cross-border,3,"€6,279","€6,311"
Jun-20,0013Y00002cz2w5QAA,Other,MANUAL,SPOT,cross-border,2,"€3,959","€4,350"
Jun-20,0013Y00002ZM8aYQAT,Industrial materials,MANUAL,SPOT,domestic,1,€335,€285
Jun-20,0010O00002BjgXAQAZ,Other,PLATFORM,CONTRACT,cross-border,19,"€25,719","€22,874"
Jun-20,0010O00002HJMOmQAP,Other,PLATFORM,CONTRACT,domestic,68,"€64,437","€55,245"
Jun-20,0013Y00002TTm2uQAD,Hospitality,PLATFORM,SPOT,cross-border,2,"€1,452","€1,333"
Jun-20,0013Y00002ZIol5QAD,Food & Beverages,MANUAL,SPOT,cross-border,1,"€1,272","€1,325"
Jun-20,0013Y00002bn9krQAA,Consumer Goods,MANUAL,CONTRACT,cross-border,2,"€4,966","€4,966"
Jun-20,0010O00002CqEwnQAF,Other Manufacturing,MANUAL,CONTRACT,cross-border,3,"€2,633","€2,498"
Jun-20,0013Y00002ZLyheQAD,Food & Beverages,MANUAL,CONTRACT,domestic,1,"€1,490","€1,676"
Jun-20,0010O00002BjhzcQAB,Food & Beverages,PLATFORM,SPOT,domestic,4,"€3,632","€3,273"
Jun-20,0010O00002BjjguQAB,Food & Beverages,MANUAL,CONTRACT,cross-border,7,"€14,080","€13,269"
Jun-20,0010O00002OTkjxQAD,Industrial materials,MANUAL,SPOT,cross-border,1,"€2,158","€2,092"
Jun-20,0013Y00002ZKs9UQAT,Food & Beverages,MANUAL,CONTRACT,cross-border,1,"€1,205","€1,106"
Jun-20,0013Y00002RoeEDQAZ,Hospitality,PLATFORM,SPOT,domestic,155,"€88,629","€92,505"
Jun-20,0010O00002N1IzrQAF,Food & Beverages,MANUAL,CONTRACT,cross-border,1,"€1,197","€1,103"
Jun-20,0010O00001uebf6QAA,Other Manufacturing,MANUAL,CONTRACT,cross-border,37,"€24,864","€24,424"
Jun-20,0013Y00002ZJHX0QAP,Hospitality,PLATFORM,SPOT,cross-border,1,"€1,104","€1,069"
Jun-20,0013Y00002ZJ7kCQAT,Other,PLATFORM,SPOT,cross-border,3,"€2,218","€2,150"
Jun-20,0013Y00002Xf0v2QAB,Other,MANUAL,CONTRACT,cross-border,1,"€1,117","€1,025"
Jun-20,0010O00002BjhzcQAB,Food & Beverages,MANUAL,CONTRACT,domestic,306,"€339,442","€315,411"
Jun-20,0010O00002E9BbyQAF,Consumer Goods,PLATFORM,CONTRACT,cross-border,67,"€112,642","€118,350"
Jun-20,0013Y00002ZKPzuQAH,Other Manufacturing,PLATFORM,CONTRACT,cross-border,28,"€40,345","€40,684"
Jun-20,0010O00002KKdxsQAD,Other Manufacturing,MANUAL,CONTRACT,domestic,7,"€6,930","€6,985"
Jun-20,0013Y00002ZLcrUQAT,Other,PLATFORM,SPOT,cross-border,12,"€26,276","€25,574"
Jun-20,0010O00001tNphuQAC,Food & Beverages,PLATFORM,CONTRACT,domestic,9,"€10,184","€9,760"
Jun-20,0013Y00002ZKTtnQAH,Food & Beverages,MANUAL,CONTRACT,cross-border,7,"€9,074","€8,888"
Jun-20,0010O00002OTkjxQAD,Industrial materials,MANUAL,CONTRACT,cross-border,1,€467,€445
Jun-20,0013Y00002ZK6miQAD,Hospitality,PLATFORM,CONTRACT,cross-border,8,"€15,188","€14,057"
Jun-20,0010O00002E9BbyQAF,Consumer Goods,MANUAL,CONTRACT,cross-border,35,"€76,793","€80,915"
Jun-20,0013Y00002QB7oOQAT,Other,PLATFORM,CONTRACT,domestic,24,"€6,771","€6,984"
Jun-20,0013Y00002QTtbzQAD,Food & Beverages,MANUAL,CONTRACT,cross-border,2,"€2,821","€2,646"
Jun-20,0013Y00002Xczk1QAB,Food & Beverages,PLATFORM,CONTRACT,cross-border,8,"€10,578","€9,779"
Jun-20,0010O00002Bii72QAB,Food & Beverages,MANUAL,CONTRACT,domestic,6,"€3,192","€3,171"
Jun-20,0013Y00002UkK9mQAF,Hospitality,MANUAL,CONTRACT,cross-border,4,"€6,818","€6,413"
Jun-20,0010O00002BiiIUQAZ,Food & Beverages,PLATFORM,CONTRACT,cross-border,9,"€4,607","€4,675"
Jun-20,0013Y00002cz9jpQAA,Hospitality,PLATFORM,SPOT,domestic,1,€489,€437
Jun-20,0013Y00002ZKpuFQAT,Industrial materials,PLATFORM,SPOT,cross-border,4,"€5,164","€5,256"
Jun-20,0013Y00002Ui346QAB,Hospitality,PLATFORM,CONTRACT,domestic,7,"€6,799","€6,602"
Jun-20,0010O00002BiiIUQAZ,Food & Beverages,MANUAL,CONTRACT,cross-border,2,"€1,194","€1,076"
Jun-20,0010O00002Bk2m6QAB,Consumer Goods,MANUAL,CONTRACT,cross-border,1,€760,€730
Jun-20,0013Y00002ZMVHvQAP,Food & Beverages,PLATFORM,CONTRACT,cross-border,1,"€1,651","€1,645"
Jun-20,0010O00002BjgXAQAZ,Other,MANUAL,CONTRACT,cross-border,8,"€13,322","€11,818"
Jun-20,0010O00001s4YxuQAE,Industrial materials,PLATFORM,CONTRACT,cross-border,5,"€3,440","€3,225"
Jun-20,0010O00002BjhzcQAB,Food & Beverages,MANUAL,CONTRACT,cross-border,90,"€68,453","€65,544"
Jun-20,0013Y00002ZJHX0QAP,Hospitality,PLATFORM,CONTRACT,domestic,38,"€54,364","€52,440"
Jun-20,0010O00002BDKEeQAP,Other Manufacturing,PLATFORM,CONTRACT,cross-border,8,"€7,387","€7,161"
Jun-20,0013Y00002ZIol5QAD,Food & Beverages,PLATFORM,SPOT,cross-border,5,"€5,857","€5,817"
Jun-20,0013Y00002ZKt2gQAD,Consumer Goods,PLATFORM,SPOT,cross-border,1,"€1,731","€1,775"
Jun-20,0013Y00002ZKptqQAD,Other,MANUAL,SPOT,cross-border,6,"€4,968","€3,962"
Jun-20,0013Y00002TQpkUQAT,Industrial materials,MANUAL,CONTRACT,cross-border,1,"€2,365","€2,258"
Jun-20,0013Y00002hZm6xQAC,Food & Beverages,MANUAL,SPOT,cross-border,1,"€1,415","€1,348"
Jun-20,0013Y00002TQidMQAT,Other,MANUAL,SPOT,domestic,3,"€2,211","€2,343"
Jun-20,0013Y00002ZKpuFQAT,Industrial materials,MANUAL,SPOT,cross-border,1,"€1,518","€1,495"
Jun-20,0010O00002LcShoQAF,Hospitality,MANUAL,CONTRACT,cross-border,1,"€1,859","€1,575"
Jun-20,0013Y00002ZM6rEQAT,Food & Beverages,MANUAL,SPOT,cross-border,1,€956,€829
Jun-20,0013Y00002QB7oOQAT,Other,PLATFORM,SPOT,domestic,1,€360,€432
Jun-20,0010O00002NEH41QAH,Other Manufacturing,MANUAL,SPOT,domestic,3,"€2,309","€2,358"
Jun-20,0013Y00002ZMVHvQAP,Food & Beverages,PLATFORM,SPOT,cross-border,3,"€5,680","€5,738"
Jun-20,0013Y00002ZLTdjQAH,Other,MANUAL,CONTRACT,domestic,3,"€1,924","€2,184"
Jun-20,0010O00001vmYzfQAE,Food & Beverages,PLATFORM,SPOT,domestic,3,"€2,011","€2,038"
Jun-20,0013Y00002ZJOodQAH,Other Manufacturing,PLATFORM,CONTRACT,cross-border,5,"€4,655","€4,228"
Jun-20,0013Y00002XcFnjQAF,Food & Beverages,PLATFORM,CONTRACT,cross-border,2,"€1,794","€1,709"
Jun-20,0010O00002NEH41QAH,Other Manufacturing,PLATFORM,SPOT,domestic,2,"€1,466","€1,408"
Jun-20,0013Y00002TSbtdQAD,Other,PLATFORM,CONTRACT,cross-border,1,"€1,227","€1,091"
Jun-20,0013Y00002UiKruQAF,Other Manufacturing,PLATFORM,CONTRACT,domestic,25,"€10,143","€10,024"
Jun-20,0010O00002BF1aSQAT,Consumer Goods,PLATFORM,CONTRACT,domestic,94,"€46,155","€49,773"
Jun-20,0013Y00002Xf0v2QAB,Other,PLATFORM,CONTRACT,cross-border,10,"€11,173","€10,209"
Jun-20,0013Y00002TRVgmQAH,Other Manufacturing,MANUAL,CONTRACT,cross-border,8,"€9,008","€11,508"
Jun-20,0010O00002Nn7a3QAB,Other Manufacturing,PLATFORM,CONTRACT,domestic,57,"€40,086","€47,717"
Jun-20,0013Y00002QU6ymQAD,Food & Beverages,PLATFORM,CONTRACT,domestic,4,"€2,035","€1,733"
Jun-20,0013Y00002ZKptqQAD,Other,PLATFORM,CONTRACT,cross-border,16,"€13,248","€9,972"
Jun-20,0010O00002BjhzcQAB,Food & Beverages,MANUAL,SPOT,domestic,15,"€11,495","€12,642"
Jun-20,0010O00002NR9tXQAT,Industrial materials,MANUAL,CONTRACT,cross-border,10,"€13,981","€13,399"
Jun-20,0010O00002HJMOmQAP,Other,MANUAL,CONTRACT,cross-border,1,€935,"€1,326"
Jun-20,0013Y00002Ui346QAB,Hospitality,MANUAL,CONTRACT,domestic,1,€971,€925
Jun-20,0013Y00002ZJbnVQAT,Consumer Goods,PLATFORM,SPOT,cross-border,2,"€2,099","€2,171"
Jun-20,0013Y00002cyr7gQAA,Industrial materials,MANUAL,CONTRACT,cross-border,3,"€2,274","€2,209"
Jun-20,0013Y00002ZM86bQAD,Food & Beverages,MANUAL,SPOT,cross-border,1,"€1,389","€1,565"
Jun-20,0013Y00002czRqrQAE,Other,PLATFORM,SPOT,cross-border,1,€465,€391
Jun-20,0010O00001t5UnpQAE,Industrial materials,PLATFORM,CONTRACT,cross-border,19,"€18,660","€18,737"
Jun-20,0013Y00002UiKruQAF,Other Manufacturing,MANUAL,CONTRACT,domestic,8,"€3,225","€3,193"
Jun-20,0010O00002BjhzcQAB,Food & Beverages,PLATFORM,CONTRACT,cross-border,91,"€50,156","€47,723"
Jun-20,0013Y00002ZKptqQAD,Other,PLATFORM,SPOT,cross-border,34,"€28,670","€23,582"
Jun-20,0013Y00002RoeEDQAZ,Hospitality,MANUAL,SPOT,domestic,39,"€23,109","€24,597"
Jun-20,0013Y00002ZKPzuQAH,Other Manufacturing,MANUAL,CONTRACT,cross-border,7,"€10,185","€10,046"
Jun-20,0013Y00002czDx7QAE,Hospitality,PLATFORM,SPOT,domestic,1,€278,€250
Jun-20,0013Y00002UjvOLQAZ,Food & Beverages,PLATFORM,CONTRACT,cross-border,8,"€12,705","€12,939"
Jun-20,0013Y00002ZKMR4QAP,Industrial materials,MANUAL,SPOT,cross-border,2,"€2,071","€2,358"
Jun-20,0010O00002513hjQAA,Other Manufacturing,PLATFORM,CONTRACT,cross-border,1,€482,€308
Jun-20,0010O00002Bji22QAB,Other Manufacturing,PLATFORM,CONTRACT,domestic,2,"€1,689","€1,458"
Jun-20,0013Y00002ZLlzfQAD,Food & Beverages,PLATFORM,CONTRACT,cross-border,2,"€3,335","€3,353"
Jun-20,0010O00002E9BbyQAF,Consumer Goods,PLATFORM,SPOT,domestic,1,€882,€904
Jun-20,0013Y00002czFufQAE,Hospitality,PLATFORM,SPOT,cross-border,1,"€1,146","€1,064"
Jun-20,0010O00002OlNe7QAF,Other Manufacturing,PLATFORM,SPOT,cross-border,2,"€3,308","€2,651"
Jun-20,0013Y00002ZKs9UQAT,Food & Beverages,PLATFORM,CONTRACT,cross-border,1,"€1,205","€1,188"
Jun-20,0013Y00002cyvq3QAA,Hospitality,PLATFORM,SPOT,domestic,1,"€1,265","€1,139"
Jun-20,0010O00002BDKEeQAP,Other Manufacturing,MANUAL,CONTRACT,cross-border,29,"€28,985","€26,513"
Jun-20,0010O00001uebf6QAA,Other Manufacturing,PLATFORM,CONTRACT,cross-border,110,"€73,920","€72,168"
Jun-20,0010O00002Bk2m6QAB,Consumer Goods,PLATFORM,CONTRACT,cross-border,3,"€2,240","€2,300"
Jun-20,0013Y00002Uij1aQAB,Industrial materials,MANUAL,SPOT,domestic,2,"€2,174","€2,001"
Jun-20,0013Y00002ZLyheQAD,Food & Beverages,PLATFORM,CONTRACT,domestic,2,"€2,254","€2,328"
Jun-20,0013Y00002ZJA6vQAH,Consumer Goods,PLATFORM,CONTRACT,domestic,2,"€1,755","€1,654"
Jun-20,0010O00002Bii72QAB,Food & Beverages,MANUAL,CONTRACT,cross-border,6,"€11,592","€9,240"
Jun-20,0013Y00002QU2cRQAT,Other Manufacturing,MANUAL,SPOT,cross-border,2,"€4,424","€3,990"
Jun-20,0013Y00002ZKptqQAD,Other,MANUAL,CONTRACT,cross-border,7,"€5,796","€4,508"
Jun-20,0010O00002BF1aSQAT,Consumer Goods,PLATFORM,SPOT,domestic,5,"€2,676","€2,750"
Jun-20,0013Y00002TR04EQAT,Food & Beverages,PLATFORM,SPOT,cross-border,3,"€1,360","€1,248"
Jun-20,0013Y00002ZLTdjQAH,Other,MANUAL,CONTRACT,cross-border,1,"€1,056",€900
Jun-20,0010O00001vQ9tsQAC,Hospitality,MANUAL,CONTRACT,domestic,4,"€5,652","€5,588"
Jun-20,0013Y00002ZLcrUQAT,Other,MANUAL,SPOT,cross-border,1,"€3,120","€3,071"
Jun-20,0010O00002PxdilQAB,Other,PLATFORM,CONTRACT,domestic,21,"€16,319","€14,871"
Jun-20,0010O00002BF1aSQAT,Consumer Goods,MANUAL,SPOT,cross-border,18,"€16,830","€15,610"
Jun-20,0013Y00002QTtbzQAD,Food & Beverages,PLATFORM,CONTRACT,domestic,10,"€6,142","€5,883"
Jun-20,0013Y00002UkK9mQAF,Hospitality,PLATFORM,CONTRACT,cross-border,21,"€33,632","€30,966"
Jun-20,0010O000026Oz15QAC,Industrial materials,PLATFORM,SPOT,domestic,2,"€1,470","€1,247"
Jun-20,0010O00002KB6mJQAT,Food & Beverages,PLATFORM,CONTRACT,domestic,4,"€2,907","€2,757"
Jun-20,0013Y00002bn9krQAA,Consumer Goods,PLATFORM,CONTRACT,cross-border,5,"€12,416","€11,816"
Jun-20,0013Y00002UjhigQAB,Other Manufacturing,PLATFORM,CONTRACT,cross-border,2,"€3,657","€3,404"
Jun-20,0013Y00002ZM86bQAD,Food & Beverages,PLATFORM,SPOT,cross-border,5,"€6,303","€6,034"
Jun-20,0013Y00002ZMhlEQAT,Food & Beverages,PLATFORM,SPOT,cross-border,3,"€3,122","€2,791"
Jun-20,0010O00002PxdilQAB,Other,MANUAL,CONTRACT,domestic,6,"€5,465","€4,661"
Jun-20,0010O00002N1IzrQAF,Food & Beverages,PLATFORM,CONTRACT,cross-border,3,"€4,431","€3,938"
Jun-20,0010O00002BjjguQAB,Food & Beverages,PLATFORM,CONTRACT,cross-border,28,"€57,474","€54,828"
Jun-20,0010O00002BjhzcQAB,Food & Beverages,PLATFORM,CONTRACT,domestic,118,"€115,954","€107,721"
Jun-20,0010O00002BDKEoQAP,Food & Beverages,PLATFORM,CONTRACT,cross-border,35,"€34,276","€30,730"
Jun-20,0013Y00002ZJJowQAH,Automotive & Automotive Supplier,MANUAL,CONTRACT,domestic,23,"€16,732","€15,380"
Jun-20,0010O00002OTkjxQAD,Industrial materials,PLATFORM,CONTRACT,cross-border,16,"€9,879","€9,067"
Jun-20,0013Y00002ZLyheQAD,Food & Beverages,PLATFORM,SPOT,domestic,3,"€2,654","€2,757"
Jun-20,0013Y00002cyr7gQAA,Industrial materials,PLATFORM,CONTRACT,cross-border,6,"€4,725","€4,773"
Jun-20,0013Y00002QTtbzQAD,Food & Beverages,PLATFORM,CONTRACT,cross-border,1,"€1,378","€1,221"
Jun-20,0013Y00002QTtbzQAD,Food & Beverages,MANUAL,CONTRACT,domestic,8,"€5,393","€5,411"
Jun-20,0013Y00002UjvOLQAZ,Food & Beverages,MANUAL,CONTRACT,cross-border,2,"€3,176","€3,781"
Jun-20,0010O00002E8rylQAB,Food & Beverages,PLATFORM,CONTRACT,cross-border,7,"€10,124","€12,643"
Jun-20,0013Y00002QU2cRQAT,Other Manufacturing,PLATFORM,SPOT,cross-border,4,"€8,848","€7,490"
Jun-20,0010O00001vmYzfQAE,Food & Beverages,PLATFORM,CONTRACT,domestic,184,"€110,595","€105,372"
Jun-20,0010O00002KKdxsQAD,Other Manufacturing,PLATFORM,CONTRACT,domestic,7,"€6,930","€6,607"
Jun-20,0010O00002BF1aSQAT,Consumer Goods,PLATFORM,CONTRACT,cross-border,40,"€18,860","€17,476"
Jun-20,0013Y00002TSbtdQAD,Other,MANUAL,CONTRACT,cross-border,1,"€1,637","€1,152"
Jun-20,0013Y00002ZJbnVQAT,Consumer Goods,PLATFORM,SPOT,domestic,2,€730,€630
Jun-20,0010O00002HJMOmQAP,Other,MANUAL,CONTRACT,domestic,15,"€12,192","€10,540"
Jun-20,0013Y00002QBEnwQAH,Other Manufacturing,PLATFORM,CONTRACT,cross-border,1,"€2,096","€2,275"
Jun-20,0010O00002BjjysQAB,Food & Beverages,PLATFORM,CONTRACT,cross-border,1,"€4,064","€4,048"
Jun-20,0010O00002BjjIYQAZ,Hospitality,PLATFORM,CONTRACT,domestic,2,"€1,211","€1,020"
Jun-20,0010O00002Nn7a3QAB,Other Manufacturing,MANUAL,CONTRACT,cross-border,1,€605,€737
Jun-20,0010O000026Oz15QAC,Industrial materials,MANUAL,CONTRACT,domestic,1,€683,€638
Jun-20,0010O00002BjjIYQAZ,Hospitality,MANUAL,CONTRACT,domestic,1,€606,€829